layer3	node	KEGG_ID	C00149	layer2	edge	shared.name	rn:R07136	activator	ec:1.1.1.37
layer3	node	KEGG_ID	C00149	layer2	edge	shared.name	rn:R00342	activator	ec:1.1.1.37
layer3	node	KEGG_ID	C00149	layer2	edge	shared.name	rn:R07136	inhibitor	ec:1.1.1.37
layer3	node	KEGG_ID	C00149	layer2	edge	shared.name	rn:R00342	inhibitor	ec:1.1.1.37
layer3	node	KEGG_ID	C00354	layer2	edge	shared.name	rn:R07136	inhibitor	ec:1.1.1.37
layer3	node	KEGG_ID	C00354	layer2	edge	shared.name	rn:R00342	inhibitor	ec:1.1.1.37
layer3	node	KEGG_ID	C00122	layer2	edge	shared.name	rn:R00216	activator	ec:1.1.1.40
layer3	node	KEGG_ID	C00122	layer2	edge	shared.name	rn:R00217	activator	ec:1.1.1.40
layer3	node	KEGG_ID	C00711	layer2	edge	shared.name	rn:R00216	inhibitor	ec:1.1.1.40
layer3	node	KEGG_ID	C00711	layer2	edge	shared.name	rn:R00217	inhibitor	ec:1.1.1.40
layer3	node	KEGG_ID	C00026	layer2	edge	shared.name	rn:R00267	inhibitor	ec:1.1.1.42
layer3	node	KEGG_ID	C00026	layer2	edge	shared.name	rn:R01899	inhibitor	ec:1.1.1.42
layer3	node	KEGG_ID	C00026	layer2	edge	shared.name	rn:R00268	inhibitor	ec:1.1.1.42
layer3	node	KEGG_ID	C00158	layer2	edge	shared.name	rn:R00267	inhibitor	ec:1.1.1.42
layer3	node	KEGG_ID	C00158	layer2	edge	shared.name	rn:R01899	inhibitor	ec:1.1.1.42
layer3	node	KEGG_ID	C00158	layer2	edge	shared.name	rn:R00268	inhibitor	ec:1.1.1.42
layer3	node	KEGG_ID	C00311	layer2	edge	shared.name	rn:R00267	inhibitor	ec:1.1.1.42
layer3	node	KEGG_ID	C00311	layer2	edge	shared.name	rn:R01899	inhibitor	ec:1.1.1.42
layer3	node	KEGG_ID	C00311	layer2	edge	shared.name	rn:R00268	inhibitor	ec:1.1.1.42
layer3	node	KEGG_ID	C00026	layer2	edge	shared.name	rn:R02397	inhibitor	ec:1.14.11.1
layer3	node	KEGG_ID	C00026	layer2	edge	shared.name	rn:R03451	activator	ec:1.14.11.8
layer3	node	KEGG_ID	C00158	layer2	edge	shared.name	rn:R03451	inhibitor	ec:1.14.11.8
layer3	node	KEGG_ID	C00311	layer2	edge	shared.name	rn:R03451	inhibitor	ec:1.14.11.8
layer3	node	KEGG_ID	C00412	layer2	edge	shared.name	rn:R12173	inhibitor	ec:1.14.19.1
layer3	node	KEGG_ID	C00412	layer2	edge	shared.name	rn:R02222	inhibitor	ec:1.14.19.1
layer3	node	KEGG_ID	C00510	layer2	edge	shared.name	rn:R12173	inhibitor	ec:1.14.19.1
layer3	node	KEGG_ID	C00510	layer2	edge	shared.name	rn:R02222	inhibitor	ec:1.14.19.1
layer3	node	KEGG_ID	C00719	layer2	edge	shared.name	rn:R02566	inhibitor	ec:1.2.1.8
layer3	node	KEGG_ID	C00719	layer2	edge	shared.name	rn:R02565	inhibitor	ec:1.2.1.8
layer3	node	KEGG_ID	C00026	layer2	edge	shared.name	rn:R00621	inhibitor	ec:1.2.4.2
layer3	node	KEGG_ID	C00026	layer2	edge	shared.name	rn:R01933	inhibitor	ec:1.2.4.2
layer3	node	KEGG_ID	C00026	layer2	edge	shared.name	rn:R01940	inhibitor	ec:1.2.4.2
layer3	node	KEGG_ID	C00026	layer2	edge	shared.name	rn:R03316	inhibitor	ec:1.2.4.2
layer3	node	KEGG_ID	C00026	layer2	edge	shared.name	rn:R08549	inhibitor	ec:1.2.4.2
layer3	node	KEGG_ID	C00026	layer2	edge	shared.name	rn:R01700	inhibitor	ec:1.2.4.2
layer3	node	KEGG_ID	C00091	layer2	edge	shared.name	rn:R02164	activator	ec:1.3.5.1
layer3	node	KEGG_ID	C00122	layer2	edge	shared.name	rn:R02164	activator	ec:1.3.5.1
layer3	node	KEGG_ID	C00122	layer2	edge	shared.name	rn:R02164	inhibitor	ec:1.3.5.1
layer3	node	KEGG_ID	C00025	layer2	edge	shared.name	rn:R00145	inhibitor	ec:1.4.1.3
layer3	node	KEGG_ID	C00025	layer2	edge	shared.name	rn:R00146	inhibitor	ec:1.4.1.3
layer3	node	KEGG_ID	C00025	layer2	edge	shared.name	rn:R00243	inhibitor	ec:1.4.1.3
layer3	node	KEGG_ID	C00025	layer2	edge	shared.name	rn:R00248	inhibitor	ec:1.4.1.3
layer3	node	KEGG_ID	C00026	layer2	edge	shared.name	rn:R00145	inhibitor	ec:1.4.1.3
layer3	node	KEGG_ID	C00026	layer2	edge	shared.name	rn:R00146	inhibitor	ec:1.4.1.3
layer3	node	KEGG_ID	C00026	layer2	edge	shared.name	rn:R00243	inhibitor	ec:1.4.1.3
layer3	node	KEGG_ID	C00026	layer2	edge	shared.name	rn:R00248	inhibitor	ec:1.4.1.3
layer3	node	KEGG_ID	C00122	layer2	edge	shared.name	rn:R00145	inhibitor	ec:1.4.1.3
layer3	node	KEGG_ID	C00122	layer2	edge	shared.name	rn:R00146	inhibitor	ec:1.4.1.3
layer3	node	KEGG_ID	C00122	layer2	edge	shared.name	rn:R00243	inhibitor	ec:1.4.1.3
layer3	node	KEGG_ID	C00122	layer2	edge	shared.name	rn:R00248	inhibitor	ec:1.4.1.3
layer3	node	KEGG_ID	C00217	layer2	edge	shared.name	rn:R06124	activator	ec:1.4.3.1
layer3	node	KEGG_ID	C00217	layer2	edge	shared.name	rn:R00359	activator	ec:1.4.3.1
layer3	node	KEGG_ID	C00402	layer2	edge	shared.name	rn:R06124	activator	ec:1.4.3.1
layer3	node	KEGG_ID	C00402	layer2	edge	shared.name	rn:R00359	activator	ec:1.4.3.1
layer3	node	KEGG_ID	C00711	layer2	edge	shared.name	rn:R06124	inhibitor	ec:1.4.3.1
layer3	node	KEGG_ID	C00711	layer2	edge	shared.name	rn:R00359	inhibitor	ec:1.4.3.1
layer3	node	KEGG_ID	C00025	layer2	edge	shared.name	rn:R00716	inhibitor	ec:1.5.1.8
layer3	node	KEGG_ID	C00077	layer2	edge	shared.name	rn:R00716	inhibitor	ec:1.5.1.8
layer3	node	KEGG_ID	C01602	layer2	edge	shared.name	rn:R00716	inhibitor	ec:1.5.1.8
layer3	node	KEGG_ID	C00025	layer2	edge	shared.name	rn:R02313	inhibitor	ec:1.5.1.9
layer3	node	KEGG_ID	C00021	layer2	edge	shared.name	rn:R01269	inhibitor	ec:2.1.1.1
layer3	node	KEGG_ID	C00021	layer2	edge	shared.name	rn:R04496	inhibitor	ec:2.1.1.100
layer3	node	KEGG_ID	C00021	layer2	edge	shared.name	rn:R02056	inhibitor	ec:2.1.1.17
layer3	node	KEGG_ID	C00021	layer2	edge	shared.name	rn:R01883	inhibitor	ec:2.1.1.2
layer3	node	KEGG_ID	C00021	layer2	edge	shared.name	rn:R00367	inhibitor	ec:2.1.1.20
layer3	node	KEGG_ID	C00021	layer2	edge	shared.name	rn:R02533	inhibitor	ec:2.1.1.28
layer3	node	KEGG_ID	C00021	layer2	edge	shared.name	rn:R04033	inhibitor	ec:2.1.1.28
layer3	node	KEGG_ID	C00021	layer2	edge	shared.name	rn:R00380	inhibitor	ec:2.1.1.37
layer3	node	KEGG_ID	C00021	layer2	edge	shared.name	rn:R04858	inhibitor	ec:2.1.1.37
layer3	node	KEGG_ID	C00134	layer2	edge	shared.name	rn:R00380	inhibitor	ec:2.1.1.37
layer3	node	KEGG_ID	C00134	layer2	edge	shared.name	rn:R04858	inhibitor	ec:2.1.1.37
layer3	node	KEGG_ID	C00021	layer2	edge	shared.name	rn:R04905	inhibitor	ec:2.1.1.4
layer3	node	KEGG_ID	C00021	layer2	edge	shared.name	rn:R03130	inhibitor	ec:2.1.1.4
layer3	node	KEGG_ID	C00025	layer2	edge	shared.name	rn:R04905	inhibitor	ec:2.1.1.4
layer3	node	KEGG_ID	C00025	layer2	edge	shared.name	rn:R03130	inhibitor	ec:2.1.1.4
layer3	node	KEGG_ID	C00719	layer2	edge	shared.name	rn:R02821	activator	ec:2.1.1.5
layer3	node	KEGG_ID	C00021	layer2	edge	shared.name	rn:R02821	inhibitor	ec:2.1.1.5
layer3	node	KEGG_ID	C00049	layer2	edge	shared.name	rn:R02821	inhibitor	ec:2.1.1.5
layer3	node	KEGG_ID	C16433	layer2	edge	shared.name	rn:R02821	inhibitor	ec:2.1.1.5
layer3	node	KEGG_ID	C00021	layer2	edge	shared.name	rn:R03922	inhibitor	ec:2.1.1.57
layer3	node	KEGG_ID	C00021	layer2	edge	shared.name	rn:R00827	inhibitor	ec:2.1.1.6
layer3	node	KEGG_ID	C00021	layer2	edge	shared.name	rn:R02534	inhibitor	ec:2.1.1.6
layer3	node	KEGG_ID	C00021	layer2	edge	shared.name	rn:R02920	inhibitor	ec:2.1.1.6
layer3	node	KEGG_ID	C00021	layer2	edge	shared.name	rn:R03304	inhibitor	ec:2.1.1.6
layer3	node	KEGG_ID	C00021	layer2	edge	shared.name	rn:R04301	inhibitor	ec:2.1.1.6
layer3	node	KEGG_ID	C00021	layer2	edge	shared.name	rn:R04762	inhibitor	ec:2.1.1.6
layer3	node	KEGG_ID	C00021	layer2	edge	shared.name	rn:R04764	inhibitor	ec:2.1.1.6
layer3	node	KEGG_ID	C00021	layer2	edge	shared.name	rn:R04881	inhibitor	ec:2.1.1.6
layer3	node	KEGG_ID	C00021	layer2	edge	shared.name	rn:R04887	inhibitor	ec:2.1.1.6
layer3	node	KEGG_ID	C00021	layer2	edge	shared.name	rn:R07330	inhibitor	ec:2.1.1.6
layer3	node	KEGG_ID	C00021	layer2	edge	shared.name	rn:R03701	inhibitor	ec:2.1.1.67
layer3	node	KEGG_ID	C00021	layer2	edge	shared.name	rn:R08236	inhibitor	ec:2.1.1.67
layer3	node	KEGG_ID	C00021	layer2	edge	shared.name	rn:R08239	inhibitor	ec:2.1.1.67
layer3	node	KEGG_ID	C00021	layer2	edge	shared.name	rn:R08246	inhibitor	ec:2.1.1.67
layer3	node	KEGG_ID	C00021	layer2	edge	shared.name	rn:R04190	inhibitor	ec:2.1.1.77
layer3	node	KEGG_ID	C00021	layer2	edge	shared.name	rn:R02155	inhibitor	ec:2.1.1.8
layer3	node	KEGG_ID	C00021	layer2	edge	shared.name	rn:R09370	inhibitor	ec:2.1.1.96
layer3	node	KEGG_ID	C00021	layer2	edge	shared.name	rn:R02572	inhibitor	ec:2.1.1.96
layer3	node	KEGG_ID	C00025	layer2	edge	shared.name	rn:R03189	inhibitor	ec:2.1.2.5
layer3	node	KEGG_ID	C00025	layer2	edge	shared.name	rn:R02287	inhibitor	ec:2.1.2.5
layer3	node	KEGG_ID	C00049	layer2	edge	shared.name	rn:R03189	inhibitor	ec:2.1.2.5
layer3	node	KEGG_ID	C00049	layer2	edge	shared.name	rn:R02287	inhibitor	ec:2.1.2.5
layer3	node	KEGG_ID	C00122	layer2	edge	shared.name	rn:R03189	inhibitor	ec:2.1.2.5
layer3	node	KEGG_ID	C00122	layer2	edge	shared.name	rn:R02287	inhibitor	ec:2.1.2.5
layer3	node	KEGG_ID	C00158	layer2	edge	shared.name	rn:R03189	inhibitor	ec:2.1.2.5
layer3	node	KEGG_ID	C00158	layer2	edge	shared.name	rn:R02287	inhibitor	ec:2.1.2.5
layer3	node	KEGG_ID	C00217	layer2	edge	shared.name	rn:R03189	inhibitor	ec:2.1.2.5
layer3	node	KEGG_ID	C00217	layer2	edge	shared.name	rn:R02287	inhibitor	ec:2.1.2.5
layer3	node	KEGG_ID	C16433	layer2	edge	shared.name	rn:R03189	inhibitor	ec:2.1.2.5
layer3	node	KEGG_ID	C16433	layer2	edge	shared.name	rn:R02287	inhibitor	ec:2.1.2.5
layer3	node	KEGG_ID	C00041	layer2	edge	shared.name	rn:R01398	inhibitor	ec:2.1.3.3
layer3	node	KEGG_ID	C00077	layer2	edge	shared.name	rn:R01398	inhibitor	ec:2.1.3.3
layer3	node	KEGG_ID	C01602	layer2	edge	shared.name	rn:R01398	inhibitor	ec:2.1.3.3
layer3	node	KEGG_ID	C00077	layer2	edge	shared.name	rn:R01686	inhibitor	ec:2.1.4.1
layer3	node	KEGG_ID	C00077	layer2	edge	shared.name	rn:R01989	inhibitor	ec:2.1.4.1
layer3	node	KEGG_ID	C00077	layer2	edge	shared.name	rn:R00565	inhibitor	ec:2.1.4.1
layer3	node	KEGG_ID	C01602	layer2	edge	shared.name	rn:R01686	inhibitor	ec:2.1.4.1
layer3	node	KEGG_ID	C01602	layer2	edge	shared.name	rn:R01989	inhibitor	ec:2.1.4.1
layer3	node	KEGG_ID	C01602	layer2	edge	shared.name	rn:R00565	inhibitor	ec:2.1.4.1
layer3	node	KEGG_ID	C00091	layer2	edge	shared.name	rn:R01923	inhibitor	ec:2.3.1.21
layer3	node	KEGG_ID	C02990	layer2	edge	shared.name	rn:R01923	inhibitor	ec:2.3.1.21
layer3	node	KEGG_ID	C00026	layer2	edge	shared.name	rn:R00830	inhibitor	ec:2.3.1.37
layer3	node	KEGG_ID	C00091	layer2	edge	shared.name	rn:R00830	inhibitor	ec:2.3.1.37
layer3	node	KEGG_ID	C00302	layer2	edge	shared.name	rn:R03916	inhibitor	ec:2.3.2.2
layer3	node	KEGG_ID	C00302	layer2	edge	shared.name	rn:R03970	inhibitor	ec:2.3.2.2
layer3	node	KEGG_ID	C00302	layer2	edge	shared.name	rn:R03971	inhibitor	ec:2.3.2.2
layer3	node	KEGG_ID	C00302	layer2	edge	shared.name	rn:R01262	inhibitor	ec:2.3.2.2
layer3	node	KEGG_ID	C00302	layer2	edge	shared.name	rn:R01687	inhibitor	ec:2.3.2.2
layer3	node	KEGG_ID	C00302	layer2	edge	shared.name	rn:R03867	inhibitor	ec:2.3.2.2
layer3	node	KEGG_ID	C00302	layer2	edge	shared.name	rn:R04159	inhibitor	ec:2.3.2.2
layer3	node	KEGG_ID	C00302	layer2	edge	shared.name	rn:R04935	inhibitor	ec:2.3.2.2
layer3	node	KEGG_ID	C00149	layer2	edge	shared.name	rn:R00351	inhibitor	ec:2.3.3.1
layer3	node	KEGG_ID	C00074	layer2	edge	shared.name	rn:R00352	activator	ec:2.3.3.8
layer3	node	KEGG_ID	C00085	layer2	edge	shared.name	rn:R00352	activator	ec:2.3.3.8
layer3	node	KEGG_ID	C00092	layer2	edge	shared.name	rn:R00352	activator	ec:2.3.3.8
layer3	node	KEGG_ID	C00354	layer2	edge	shared.name	rn:R00352	activator	ec:2.3.3.8
layer3	node	KEGG_ID	C00665	layer2	edge	shared.name	rn:R00352	activator	ec:2.3.3.8
layer3	node	KEGG_ID	C00025	layer2	edge	shared.name	rn:R00352	inhibitor	ec:2.3.3.8
layer3	node	KEGG_ID	C00092	layer2	edge	shared.name	rn:R02111	inhibitor	ec:2.4.1.1
layer3	node	KEGG_ID	C00092	layer2	edge	shared.name	rn:R06050	inhibitor	ec:2.4.1.1
layer3	node	KEGG_ID	C00092	layer2	edge	shared.name	rn:R06185	inhibitor	ec:2.4.1.1
layer3	node	KEGG_ID	C00092	layer2	edge	shared.name	rn:R01821	inhibitor	ec:2.4.1.1
layer3	node	KEGG_ID	C00025	layer2	edge	shared.name	rn:R06051	activator	ec:2.4.1.11
layer3	node	KEGG_ID	C00025	layer2	edge	shared.name	rn:R00292	activator	ec:2.4.1.11
layer3	node	KEGG_ID	C00049	layer2	edge	shared.name	rn:R06051	activator	ec:2.4.1.11
layer3	node	KEGG_ID	C00049	layer2	edge	shared.name	rn:R00292	activator	ec:2.4.1.11
layer3	node	KEGG_ID	C00092	layer2	edge	shared.name	rn:R06051	activator	ec:2.4.1.11
layer3	node	KEGG_ID	C00092	layer2	edge	shared.name	rn:R00292	activator	ec:2.4.1.11
layer3	node	KEGG_ID	C16433	layer2	edge	shared.name	rn:R06051	activator	ec:2.4.1.11
layer3	node	KEGG_ID	C16433	layer2	edge	shared.name	rn:R00292	activator	ec:2.4.1.11
layer3	node	KEGG_ID	C00711	layer2	edge	shared.name	rn:R00694	activator	ec:2.6.1.1
layer3	node	KEGG_ID	C00711	layer2	edge	shared.name	rn:R00734	activator	ec:2.6.1.1
layer3	node	KEGG_ID	C00711	layer2	edge	shared.name	rn:R00895	activator	ec:2.6.1.1
layer3	node	KEGG_ID	C00711	layer2	edge	shared.name	rn:R00896	activator	ec:2.6.1.1
layer3	node	KEGG_ID	C00711	layer2	edge	shared.name	rn:R02433	activator	ec:2.6.1.1
layer3	node	KEGG_ID	C00711	layer2	edge	shared.name	rn:R02619	activator	ec:2.6.1.1
layer3	node	KEGG_ID	C00711	layer2	edge	shared.name	rn:R05052	activator	ec:2.6.1.1
layer3	node	KEGG_ID	C00711	layer2	edge	shared.name	rn:R00355	activator	ec:2.6.1.1
layer3	node	KEGG_ID	C00025	layer2	edge	shared.name	rn:R00694	inhibitor	ec:2.6.1.1
layer3	node	KEGG_ID	C00025	layer2	edge	shared.name	rn:R00734	inhibitor	ec:2.6.1.1
layer3	node	KEGG_ID	C00025	layer2	edge	shared.name	rn:R00895	inhibitor	ec:2.6.1.1
layer3	node	KEGG_ID	C00025	layer2	edge	shared.name	rn:R00896	inhibitor	ec:2.6.1.1
layer3	node	KEGG_ID	C00025	layer2	edge	shared.name	rn:R02433	inhibitor	ec:2.6.1.1
layer3	node	KEGG_ID	C00025	layer2	edge	shared.name	rn:R02619	inhibitor	ec:2.6.1.1
layer3	node	KEGG_ID	C00025	layer2	edge	shared.name	rn:R05052	inhibitor	ec:2.6.1.1
layer3	node	KEGG_ID	C00025	layer2	edge	shared.name	rn:R00355	inhibitor	ec:2.6.1.1
layer3	node	KEGG_ID	C00026	layer2	edge	shared.name	rn:R00694	inhibitor	ec:2.6.1.1
layer3	node	KEGG_ID	C00026	layer2	edge	shared.name	rn:R00734	inhibitor	ec:2.6.1.1
layer3	node	KEGG_ID	C00026	layer2	edge	shared.name	rn:R00895	inhibitor	ec:2.6.1.1
layer3	node	KEGG_ID	C00026	layer2	edge	shared.name	rn:R00896	inhibitor	ec:2.6.1.1
layer3	node	KEGG_ID	C00026	layer2	edge	shared.name	rn:R02433	inhibitor	ec:2.6.1.1
layer3	node	KEGG_ID	C00026	layer2	edge	shared.name	rn:R02619	inhibitor	ec:2.6.1.1
layer3	node	KEGG_ID	C00026	layer2	edge	shared.name	rn:R05052	inhibitor	ec:2.6.1.1
layer3	node	KEGG_ID	C00026	layer2	edge	shared.name	rn:R00355	inhibitor	ec:2.6.1.1
layer3	node	KEGG_ID	C00049	layer2	edge	shared.name	rn:R00694	inhibitor	ec:2.6.1.1
layer3	node	KEGG_ID	C00049	layer2	edge	shared.name	rn:R00734	inhibitor	ec:2.6.1.1
layer3	node	KEGG_ID	C00049	layer2	edge	shared.name	rn:R00895	inhibitor	ec:2.6.1.1
layer3	node	KEGG_ID	C00049	layer2	edge	shared.name	rn:R00896	inhibitor	ec:2.6.1.1
layer3	node	KEGG_ID	C00049	layer2	edge	shared.name	rn:R02433	inhibitor	ec:2.6.1.1
layer3	node	KEGG_ID	C00049	layer2	edge	shared.name	rn:R02619	inhibitor	ec:2.6.1.1
layer3	node	KEGG_ID	C00049	layer2	edge	shared.name	rn:R05052	inhibitor	ec:2.6.1.1
layer3	node	KEGG_ID	C00049	layer2	edge	shared.name	rn:R00355	inhibitor	ec:2.6.1.1
layer3	node	KEGG_ID	C00122	layer2	edge	shared.name	rn:R00694	inhibitor	ec:2.6.1.1
layer3	node	KEGG_ID	C00122	layer2	edge	shared.name	rn:R00734	inhibitor	ec:2.6.1.1
layer3	node	KEGG_ID	C00122	layer2	edge	shared.name	rn:R00895	inhibitor	ec:2.6.1.1
layer3	node	KEGG_ID	C00122	layer2	edge	shared.name	rn:R00896	inhibitor	ec:2.6.1.1
layer3	node	KEGG_ID	C00122	layer2	edge	shared.name	rn:R02433	inhibitor	ec:2.6.1.1
layer3	node	KEGG_ID	C00122	layer2	edge	shared.name	rn:R02619	inhibitor	ec:2.6.1.1
layer3	node	KEGG_ID	C00122	layer2	edge	shared.name	rn:R05052	inhibitor	ec:2.6.1.1
layer3	node	KEGG_ID	C00122	layer2	edge	shared.name	rn:R00355	inhibitor	ec:2.6.1.1
layer3	node	KEGG_ID	C00249	layer2	edge	shared.name	rn:R00694	inhibitor	ec:2.6.1.1
layer3	node	KEGG_ID	C00249	layer2	edge	shared.name	rn:R00734	inhibitor	ec:2.6.1.1
layer3	node	KEGG_ID	C00249	layer2	edge	shared.name	rn:R00895	inhibitor	ec:2.6.1.1
layer3	node	KEGG_ID	C00249	layer2	edge	shared.name	rn:R00896	inhibitor	ec:2.6.1.1
layer3	node	KEGG_ID	C00249	layer2	edge	shared.name	rn:R02433	inhibitor	ec:2.6.1.1
layer3	node	KEGG_ID	C00249	layer2	edge	shared.name	rn:R02619	inhibitor	ec:2.6.1.1
layer3	node	KEGG_ID	C00249	layer2	edge	shared.name	rn:R05052	inhibitor	ec:2.6.1.1
layer3	node	KEGG_ID	C00249	layer2	edge	shared.name	rn:R00355	inhibitor	ec:2.6.1.1
layer3	node	KEGG_ID	C00311	layer2	edge	shared.name	rn:R00694	inhibitor	ec:2.6.1.1
layer3	node	KEGG_ID	C00311	layer2	edge	shared.name	rn:R00734	inhibitor	ec:2.6.1.1
layer3	node	KEGG_ID	C00311	layer2	edge	shared.name	rn:R00895	inhibitor	ec:2.6.1.1
layer3	node	KEGG_ID	C00311	layer2	edge	shared.name	rn:R00896	inhibitor	ec:2.6.1.1
layer3	node	KEGG_ID	C00311	layer2	edge	shared.name	rn:R02433	inhibitor	ec:2.6.1.1
layer3	node	KEGG_ID	C00311	layer2	edge	shared.name	rn:R02619	inhibitor	ec:2.6.1.1
layer3	node	KEGG_ID	C00311	layer2	edge	shared.name	rn:R05052	inhibitor	ec:2.6.1.1
layer3	node	KEGG_ID	C00311	layer2	edge	shared.name	rn:R00355	inhibitor	ec:2.6.1.1
layer3	node	KEGG_ID	C00711	layer2	edge	shared.name	rn:R00694	inhibitor	ec:2.6.1.1
layer3	node	KEGG_ID	C00711	layer2	edge	shared.name	rn:R00734	inhibitor	ec:2.6.1.1
layer3	node	KEGG_ID	C00711	layer2	edge	shared.name	rn:R00895	inhibitor	ec:2.6.1.1
layer3	node	KEGG_ID	C00711	layer2	edge	shared.name	rn:R00896	inhibitor	ec:2.6.1.1
layer3	node	KEGG_ID	C00711	layer2	edge	shared.name	rn:R02433	inhibitor	ec:2.6.1.1
layer3	node	KEGG_ID	C00711	layer2	edge	shared.name	rn:R02619	inhibitor	ec:2.6.1.1
layer3	node	KEGG_ID	C00711	layer2	edge	shared.name	rn:R05052	inhibitor	ec:2.6.1.1
layer3	node	KEGG_ID	C00711	layer2	edge	shared.name	rn:R00355	inhibitor	ec:2.6.1.1
layer3	node	KEGG_ID	C16433	layer2	edge	shared.name	rn:R00694	inhibitor	ec:2.6.1.1
layer3	node	KEGG_ID	C16433	layer2	edge	shared.name	rn:R00734	inhibitor	ec:2.6.1.1
layer3	node	KEGG_ID	C16433	layer2	edge	shared.name	rn:R00895	inhibitor	ec:2.6.1.1
layer3	node	KEGG_ID	C16433	layer2	edge	shared.name	rn:R00896	inhibitor	ec:2.6.1.1
layer3	node	KEGG_ID	C16433	layer2	edge	shared.name	rn:R02433	inhibitor	ec:2.6.1.1
layer3	node	KEGG_ID	C16433	layer2	edge	shared.name	rn:R02619	inhibitor	ec:2.6.1.1
layer3	node	KEGG_ID	C16433	layer2	edge	shared.name	rn:R05052	inhibitor	ec:2.6.1.1
layer3	node	KEGG_ID	C16433	layer2	edge	shared.name	rn:R00355	inhibitor	ec:2.6.1.1
layer3	node	KEGG_ID	C00026	layer2	edge	shared.name	rn:R00668	inhibitor	ec:2.6.1.13
layer3	node	KEGG_ID	C00026	layer2	edge	shared.name	rn:R00667	inhibitor	ec:2.6.1.13
layer3	node	KEGG_ID	C00026	layer2	edge	shared.name	rn:R01343	inhibitor	ec:2.6.1.13
layer3	node	KEGG_ID	C00077	layer2	edge	shared.name	rn:R00668	inhibitor	ec:2.6.1.13
layer3	node	KEGG_ID	C00077	layer2	edge	shared.name	rn:R00667	inhibitor	ec:2.6.1.13
layer3	node	KEGG_ID	C00077	layer2	edge	shared.name	rn:R01343	inhibitor	ec:2.6.1.13
layer3	node	KEGG_ID	C00134	layer2	edge	shared.name	rn:R00668	inhibitor	ec:2.6.1.13
layer3	node	KEGG_ID	C00134	layer2	edge	shared.name	rn:R00667	inhibitor	ec:2.6.1.13
layer3	node	KEGG_ID	C00134	layer2	edge	shared.name	rn:R01343	inhibitor	ec:2.6.1.13
layer3	node	KEGG_ID	C01602	layer2	edge	shared.name	rn:R00668	inhibitor	ec:2.6.1.13
layer3	node	KEGG_ID	C01602	layer2	edge	shared.name	rn:R00667	inhibitor	ec:2.6.1.13
layer3	node	KEGG_ID	C01602	layer2	edge	shared.name	rn:R01343	inhibitor	ec:2.6.1.13
layer3	node	KEGG_ID	C00354	layer2	edge	shared.name	rn:R00768	inhibitor	ec:2.6.1.16
layer3	node	KEGG_ID	C00025	layer2	edge	shared.name	rn:R00908	inhibitor	ec:2.6.1.19
layer3	node	KEGG_ID	C00025	layer2	edge	shared.name	rn:R01648	inhibitor	ec:2.6.1.19
layer3	node	KEGG_ID	C00026	layer2	edge	shared.name	rn:R00908	inhibitor	ec:2.6.1.19
layer3	node	KEGG_ID	C00026	layer2	edge	shared.name	rn:R01648	inhibitor	ec:2.6.1.19
layer3	node	KEGG_ID	C00122	layer2	edge	shared.name	rn:R00258	inhibitor	ec:2.6.1.2
layer3	node	KEGG_ID	C00133	layer2	edge	shared.name	rn:R00258	inhibitor	ec:2.6.1.2
layer3	node	KEGG_ID	C00158	layer2	edge	shared.name	rn:R00258	inhibitor	ec:2.6.1.2
layer3	node	KEGG_ID	C00026	layer2	edge	shared.name	rn:R04188	inhibitor	ec:2.6.1.22
layer3	node	KEGG_ID	C00041	layer2	edge	shared.name	rn:R02050	inhibitor	ec:2.6.1.40
layer3	node	KEGG_ID	C00133	layer2	edge	shared.name	rn:R00372	inhibitor	ec:2.6.1.44
layer3	node	KEGG_ID	C00133	layer2	edge	shared.name	rn:R10992	inhibitor	ec:2.6.1.44
layer3	node	KEGG_ID	C00133	layer2	edge	shared.name	rn:R00369	inhibitor	ec:2.6.1.44
layer3	node	KEGG_ID	C00025	layer2	edge	shared.name	rn:R00694	inhibitor	ec:2.6.1.5
layer3	node	KEGG_ID	C00025	layer2	edge	shared.name	rn:R07396	inhibitor	ec:2.6.1.5
layer3	node	KEGG_ID	C00025	layer2	edge	shared.name	rn:R00734	inhibitor	ec:2.6.1.5
layer3	node	KEGG_ID	C00049	layer2	edge	shared.name	rn:R00694	inhibitor	ec:2.6.1.5
layer3	node	KEGG_ID	C00049	layer2	edge	shared.name	rn:R07396	inhibitor	ec:2.6.1.5
layer3	node	KEGG_ID	C00049	layer2	edge	shared.name	rn:R00734	inhibitor	ec:2.6.1.5
layer3	node	KEGG_ID	C00402	layer2	edge	shared.name	rn:R00694	inhibitor	ec:2.6.1.5
layer3	node	KEGG_ID	C00402	layer2	edge	shared.name	rn:R07396	inhibitor	ec:2.6.1.5
layer3	node	KEGG_ID	C00402	layer2	edge	shared.name	rn:R00734	inhibitor	ec:2.6.1.5
layer3	node	KEGG_ID	C16433	layer2	edge	shared.name	rn:R00694	inhibitor	ec:2.6.1.5
layer3	node	KEGG_ID	C16433	layer2	edge	shared.name	rn:R07396	inhibitor	ec:2.6.1.5
layer3	node	KEGG_ID	C16433	layer2	edge	shared.name	rn:R00734	inhibitor	ec:2.6.1.5
layer3	node	KEGG_ID	C00025	layer2	edge	shared.name	rn:R04173	inhibitor	ec:2.6.1.52
layer3	node	KEGG_ID	C00025	layer2	edge	shared.name	rn:R05085	inhibitor	ec:2.6.1.52
layer3	node	KEGG_ID	C00026	layer2	edge	shared.name	rn:R04173	inhibitor	ec:2.6.1.52
layer3	node	KEGG_ID	C00026	layer2	edge	shared.name	rn:R05085	inhibitor	ec:2.6.1.52
layer3	node	KEGG_ID	C00025	layer2	edge	shared.name	rn:R04171	inhibitor	ec:2.6.1.7
layer3	node	KEGG_ID	C00025	layer2	edge	shared.name	rn:R01956	inhibitor	ec:2.6.1.7
layer3	node	KEGG_ID	C00026	layer2	edge	shared.name	rn:R04171	inhibitor	ec:2.6.1.7
layer3	node	KEGG_ID	C00026	layer2	edge	shared.name	rn:R01956	inhibitor	ec:2.6.1.7
layer3	node	KEGG_ID	C00049	layer2	edge	shared.name	rn:R04171	inhibitor	ec:2.6.1.7
layer3	node	KEGG_ID	C00049	layer2	edge	shared.name	rn:R01956	inhibitor	ec:2.6.1.7
layer3	node	KEGG_ID	C16433	layer2	edge	shared.name	rn:R04171	inhibitor	ec:2.6.1.7
layer3	node	KEGG_ID	C16433	layer2	edge	shared.name	rn:R01956	inhibitor	ec:2.6.1.7
layer3	node	KEGG_ID	C00074	layer2	edge	shared.name	rn:R00725	inhibitor	ec:2.7.1.1
layer3	node	KEGG_ID	C00074	layer2	edge	shared.name	rn:R00876	inhibitor	ec:2.7.1.1
layer3	node	KEGG_ID	C00074	layer2	edge	shared.name	rn:R01139	inhibitor	ec:2.7.1.1
layer3	node	KEGG_ID	C00074	layer2	edge	shared.name	rn:R01140	inhibitor	ec:2.7.1.1
layer3	node	KEGG_ID	C00074	layer2	edge	shared.name	rn:R01327	inhibitor	ec:2.7.1.1
layer3	node	KEGG_ID	C00074	layer2	edge	shared.name	rn:R01330	inhibitor	ec:2.7.1.1
layer3	node	KEGG_ID	C00074	layer2	edge	shared.name	rn:R01964	inhibitor	ec:2.7.1.1
layer3	node	KEGG_ID	C00074	layer2	edge	shared.name	rn:R01965	inhibitor	ec:2.7.1.1
layer3	node	KEGG_ID	C00074	layer2	edge	shared.name	rn:R02849	inhibitor	ec:2.7.1.1
layer3	node	KEGG_ID	C00074	layer2	edge	shared.name	rn:R02850	inhibitor	ec:2.7.1.1
layer3	node	KEGG_ID	C00074	layer2	edge	shared.name	rn:R02867	inhibitor	ec:2.7.1.1
layer3	node	KEGG_ID	C00074	layer2	edge	shared.name	rn:R02868	inhibitor	ec:2.7.1.1
layer3	node	KEGG_ID	C00074	layer2	edge	shared.name	rn:R00299	inhibitor	ec:2.7.1.1
layer3	node	KEGG_ID	C00074	layer2	edge	shared.name	rn:R00760	inhibitor	ec:2.7.1.1
layer3	node	KEGG_ID	C00074	layer2	edge	shared.name	rn:R00867	inhibitor	ec:2.7.1.1
layer3	node	KEGG_ID	C00074	layer2	edge	shared.name	rn:R01326	inhibitor	ec:2.7.1.1
layer3	node	KEGG_ID	C00074	layer2	edge	shared.name	rn:R01600	inhibitor	ec:2.7.1.1
layer3	node	KEGG_ID	C00074	layer2	edge	shared.name	rn:R01786	inhibitor	ec:2.7.1.1
layer3	node	KEGG_ID	C00074	layer2	edge	shared.name	rn:R01961	inhibitor	ec:2.7.1.1
layer3	node	KEGG_ID	C00074	layer2	edge	shared.name	rn:R02848	inhibitor	ec:2.7.1.1
layer3	node	KEGG_ID	C00074	layer2	edge	shared.name	rn:R02865	inhibitor	ec:2.7.1.1
layer3	node	KEGG_ID	C00074	layer2	edge	shared.name	rn:R03920	inhibitor	ec:2.7.1.1
layer3	node	KEGG_ID	C00085	layer2	edge	shared.name	rn:R00725	inhibitor	ec:2.7.1.1
layer3	node	KEGG_ID	C00085	layer2	edge	shared.name	rn:R00876	inhibitor	ec:2.7.1.1
layer3	node	KEGG_ID	C00085	layer2	edge	shared.name	rn:R01139	inhibitor	ec:2.7.1.1
layer3	node	KEGG_ID	C00085	layer2	edge	shared.name	rn:R01140	inhibitor	ec:2.7.1.1
layer3	node	KEGG_ID	C00085	layer2	edge	shared.name	rn:R01327	inhibitor	ec:2.7.1.1
layer3	node	KEGG_ID	C00085	layer2	edge	shared.name	rn:R01330	inhibitor	ec:2.7.1.1
layer3	node	KEGG_ID	C00085	layer2	edge	shared.name	rn:R01964	inhibitor	ec:2.7.1.1
layer3	node	KEGG_ID	C00085	layer2	edge	shared.name	rn:R01965	inhibitor	ec:2.7.1.1
layer3	node	KEGG_ID	C00085	layer2	edge	shared.name	rn:R02849	inhibitor	ec:2.7.1.1
layer3	node	KEGG_ID	C00085	layer2	edge	shared.name	rn:R02850	inhibitor	ec:2.7.1.1
layer3	node	KEGG_ID	C00085	layer2	edge	shared.name	rn:R02867	inhibitor	ec:2.7.1.1
layer3	node	KEGG_ID	C00085	layer2	edge	shared.name	rn:R02868	inhibitor	ec:2.7.1.1
layer3	node	KEGG_ID	C00085	layer2	edge	shared.name	rn:R00299	inhibitor	ec:2.7.1.1
layer3	node	KEGG_ID	C00085	layer2	edge	shared.name	rn:R00760	inhibitor	ec:2.7.1.1
layer3	node	KEGG_ID	C00085	layer2	edge	shared.name	rn:R00867	inhibitor	ec:2.7.1.1
layer3	node	KEGG_ID	C00085	layer2	edge	shared.name	rn:R01326	inhibitor	ec:2.7.1.1
layer3	node	KEGG_ID	C00085	layer2	edge	shared.name	rn:R01600	inhibitor	ec:2.7.1.1
layer3	node	KEGG_ID	C00085	layer2	edge	shared.name	rn:R01786	inhibitor	ec:2.7.1.1
layer3	node	KEGG_ID	C00085	layer2	edge	shared.name	rn:R01961	inhibitor	ec:2.7.1.1
layer3	node	KEGG_ID	C00085	layer2	edge	shared.name	rn:R02848	inhibitor	ec:2.7.1.1
layer3	node	KEGG_ID	C00085	layer2	edge	shared.name	rn:R02865	inhibitor	ec:2.7.1.1
layer3	node	KEGG_ID	C00085	layer2	edge	shared.name	rn:R03920	inhibitor	ec:2.7.1.1
layer3	node	KEGG_ID	C00092	layer2	edge	shared.name	rn:R00725	inhibitor	ec:2.7.1.1
layer3	node	KEGG_ID	C00092	layer2	edge	shared.name	rn:R00876	inhibitor	ec:2.7.1.1
layer3	node	KEGG_ID	C00092	layer2	edge	shared.name	rn:R01139	inhibitor	ec:2.7.1.1
layer3	node	KEGG_ID	C00092	layer2	edge	shared.name	rn:R01140	inhibitor	ec:2.7.1.1
layer3	node	KEGG_ID	C00092	layer2	edge	shared.name	rn:R01327	inhibitor	ec:2.7.1.1
layer3	node	KEGG_ID	C00092	layer2	edge	shared.name	rn:R01330	inhibitor	ec:2.7.1.1
layer3	node	KEGG_ID	C00092	layer2	edge	shared.name	rn:R01964	inhibitor	ec:2.7.1.1
layer3	node	KEGG_ID	C00092	layer2	edge	shared.name	rn:R01965	inhibitor	ec:2.7.1.1
layer3	node	KEGG_ID	C00092	layer2	edge	shared.name	rn:R02849	inhibitor	ec:2.7.1.1
layer3	node	KEGG_ID	C00092	layer2	edge	shared.name	rn:R02850	inhibitor	ec:2.7.1.1
layer3	node	KEGG_ID	C00092	layer2	edge	shared.name	rn:R02867	inhibitor	ec:2.7.1.1
layer3	node	KEGG_ID	C00092	layer2	edge	shared.name	rn:R02868	inhibitor	ec:2.7.1.1
layer3	node	KEGG_ID	C00092	layer2	edge	shared.name	rn:R00299	inhibitor	ec:2.7.1.1
layer3	node	KEGG_ID	C00092	layer2	edge	shared.name	rn:R00760	inhibitor	ec:2.7.1.1
layer3	node	KEGG_ID	C00092	layer2	edge	shared.name	rn:R00867	inhibitor	ec:2.7.1.1
layer3	node	KEGG_ID	C00092	layer2	edge	shared.name	rn:R01326	inhibitor	ec:2.7.1.1
layer3	node	KEGG_ID	C00092	layer2	edge	shared.name	rn:R01600	inhibitor	ec:2.7.1.1
layer3	node	KEGG_ID	C00092	layer2	edge	shared.name	rn:R01786	inhibitor	ec:2.7.1.1
layer3	node	KEGG_ID	C00092	layer2	edge	shared.name	rn:R01961	inhibitor	ec:2.7.1.1
layer3	node	KEGG_ID	C00092	layer2	edge	shared.name	rn:R02848	inhibitor	ec:2.7.1.1
layer3	node	KEGG_ID	C00092	layer2	edge	shared.name	rn:R02865	inhibitor	ec:2.7.1.1
layer3	node	KEGG_ID	C00092	layer2	edge	shared.name	rn:R03920	inhibitor	ec:2.7.1.1
layer3	node	KEGG_ID	C00354	layer2	edge	shared.name	rn:R00725	inhibitor	ec:2.7.1.1
layer3	node	KEGG_ID	C00354	layer2	edge	shared.name	rn:R00876	inhibitor	ec:2.7.1.1
layer3	node	KEGG_ID	C00354	layer2	edge	shared.name	rn:R01139	inhibitor	ec:2.7.1.1
layer3	node	KEGG_ID	C00354	layer2	edge	shared.name	rn:R01140	inhibitor	ec:2.7.1.1
layer3	node	KEGG_ID	C00354	layer2	edge	shared.name	rn:R01327	inhibitor	ec:2.7.1.1
layer3	node	KEGG_ID	C00354	layer2	edge	shared.name	rn:R01330	inhibitor	ec:2.7.1.1
layer3	node	KEGG_ID	C00354	layer2	edge	shared.name	rn:R01964	inhibitor	ec:2.7.1.1
layer3	node	KEGG_ID	C00354	layer2	edge	shared.name	rn:R01965	inhibitor	ec:2.7.1.1
layer3	node	KEGG_ID	C00354	layer2	edge	shared.name	rn:R02849	inhibitor	ec:2.7.1.1
layer3	node	KEGG_ID	C00354	layer2	edge	shared.name	rn:R02850	inhibitor	ec:2.7.1.1
layer3	node	KEGG_ID	C00354	layer2	edge	shared.name	rn:R02867	inhibitor	ec:2.7.1.1
layer3	node	KEGG_ID	C00354	layer2	edge	shared.name	rn:R02868	inhibitor	ec:2.7.1.1
layer3	node	KEGG_ID	C00354	layer2	edge	shared.name	rn:R00299	inhibitor	ec:2.7.1.1
layer3	node	KEGG_ID	C00354	layer2	edge	shared.name	rn:R00760	inhibitor	ec:2.7.1.1
layer3	node	KEGG_ID	C00354	layer2	edge	shared.name	rn:R00867	inhibitor	ec:2.7.1.1
layer3	node	KEGG_ID	C00354	layer2	edge	shared.name	rn:R01326	inhibitor	ec:2.7.1.1
layer3	node	KEGG_ID	C00354	layer2	edge	shared.name	rn:R01600	inhibitor	ec:2.7.1.1
layer3	node	KEGG_ID	C00354	layer2	edge	shared.name	rn:R01786	inhibitor	ec:2.7.1.1
layer3	node	KEGG_ID	C00354	layer2	edge	shared.name	rn:R01961	inhibitor	ec:2.7.1.1
layer3	node	KEGG_ID	C00354	layer2	edge	shared.name	rn:R02848	inhibitor	ec:2.7.1.1
layer3	node	KEGG_ID	C00354	layer2	edge	shared.name	rn:R02865	inhibitor	ec:2.7.1.1
layer3	node	KEGG_ID	C00354	layer2	edge	shared.name	rn:R03920	inhibitor	ec:2.7.1.1
layer3	node	KEGG_ID	C00074	layer2	edge	shared.name	rn:R02732	inhibitor	ec:2.7.1.105
layer3	node	KEGG_ID	C00158	layer2	edge	shared.name	rn:R02732	inhibitor	ec:2.7.1.105
layer3	node	KEGG_ID	C00665	layer2	edge	shared.name	rn:R02732	inhibitor	ec:2.7.1.105
layer3	node	KEGG_ID	C05345	layer2	edge	shared.name	rn:R02732	inhibitor	ec:2.7.1.105
layer3	node	KEGG_ID	C00074	layer2	edge	shared.name	rn:R01660	inhibitor	ec:2.7.1.106
layer3	node	KEGG_ID	C00149	layer2	edge	shared.name	rn:R01660	inhibitor	ec:2.7.1.106
layer3	node	KEGG_ID	C00158	layer2	edge	shared.name	rn:R01660	inhibitor	ec:2.7.1.106
layer3	node	KEGG_ID	C00311	layer2	edge	shared.name	rn:R01660	inhibitor	ec:2.7.1.106
layer3	node	KEGG_ID	C00354	layer2	edge	shared.name	rn:R01660	inhibitor	ec:2.7.1.106
layer3	node	KEGG_ID	C00354	layer2	edge	shared.name	rn:R00767	activator	ec:2.7.1.11
layer3	node	KEGG_ID	C00354	layer2	edge	shared.name	rn:R00769	activator	ec:2.7.1.11
layer3	node	KEGG_ID	C00354	layer2	edge	shared.name	rn:R00770	activator	ec:2.7.1.11
layer3	node	KEGG_ID	C00354	layer2	edge	shared.name	rn:R01843	activator	ec:2.7.1.11
layer3	node	KEGG_ID	C00354	layer2	edge	shared.name	rn:R03236	activator	ec:2.7.1.11
layer3	node	KEGG_ID	C00354	layer2	edge	shared.name	rn:R03237	activator	ec:2.7.1.11
layer3	node	KEGG_ID	C00354	layer2	edge	shared.name	rn:R03238	activator	ec:2.7.1.11
layer3	node	KEGG_ID	C00354	layer2	edge	shared.name	rn:R03239	activator	ec:2.7.1.11
layer3	node	KEGG_ID	C00354	layer2	edge	shared.name	rn:R00756	activator	ec:2.7.1.11
layer3	node	KEGG_ID	C00354	layer2	edge	shared.name	rn:R04779	activator	ec:2.7.1.11
layer3	node	KEGG_ID	C00665	layer2	edge	shared.name	rn:R00767	activator	ec:2.7.1.11
layer3	node	KEGG_ID	C00665	layer2	edge	shared.name	rn:R00769	activator	ec:2.7.1.11
layer3	node	KEGG_ID	C00665	layer2	edge	shared.name	rn:R00770	activator	ec:2.7.1.11
layer3	node	KEGG_ID	C00665	layer2	edge	shared.name	rn:R01843	activator	ec:2.7.1.11
layer3	node	KEGG_ID	C00665	layer2	edge	shared.name	rn:R03236	activator	ec:2.7.1.11
layer3	node	KEGG_ID	C00665	layer2	edge	shared.name	rn:R03237	activator	ec:2.7.1.11
layer3	node	KEGG_ID	C00665	layer2	edge	shared.name	rn:R03238	activator	ec:2.7.1.11
layer3	node	KEGG_ID	C00665	layer2	edge	shared.name	rn:R03239	activator	ec:2.7.1.11
layer3	node	KEGG_ID	C00665	layer2	edge	shared.name	rn:R00756	activator	ec:2.7.1.11
layer3	node	KEGG_ID	C00665	layer2	edge	shared.name	rn:R04779	activator	ec:2.7.1.11
layer3	node	KEGG_ID	C00026	layer2	edge	shared.name	rn:R00767	inhibitor	ec:2.7.1.11
layer3	node	KEGG_ID	C00026	layer2	edge	shared.name	rn:R00769	inhibitor	ec:2.7.1.11
layer3	node	KEGG_ID	C00026	layer2	edge	shared.name	rn:R00770	inhibitor	ec:2.7.1.11
layer3	node	KEGG_ID	C00026	layer2	edge	shared.name	rn:R01843	inhibitor	ec:2.7.1.11
layer3	node	KEGG_ID	C00026	layer2	edge	shared.name	rn:R03236	inhibitor	ec:2.7.1.11
layer3	node	KEGG_ID	C00026	layer2	edge	shared.name	rn:R03237	inhibitor	ec:2.7.1.11
layer3	node	KEGG_ID	C00026	layer2	edge	shared.name	rn:R03238	inhibitor	ec:2.7.1.11
layer3	node	KEGG_ID	C00026	layer2	edge	shared.name	rn:R03239	inhibitor	ec:2.7.1.11
layer3	node	KEGG_ID	C00026	layer2	edge	shared.name	rn:R00756	inhibitor	ec:2.7.1.11
layer3	node	KEGG_ID	C00026	layer2	edge	shared.name	rn:R04779	inhibitor	ec:2.7.1.11
layer3	node	KEGG_ID	C00074	layer2	edge	shared.name	rn:R00767	inhibitor	ec:2.7.1.11
layer3	node	KEGG_ID	C00074	layer2	edge	shared.name	rn:R00769	inhibitor	ec:2.7.1.11
layer3	node	KEGG_ID	C00074	layer2	edge	shared.name	rn:R00770	inhibitor	ec:2.7.1.11
layer3	node	KEGG_ID	C00074	layer2	edge	shared.name	rn:R01843	inhibitor	ec:2.7.1.11
layer3	node	KEGG_ID	C00074	layer2	edge	shared.name	rn:R03236	inhibitor	ec:2.7.1.11
layer3	node	KEGG_ID	C00074	layer2	edge	shared.name	rn:R03237	inhibitor	ec:2.7.1.11
layer3	node	KEGG_ID	C00074	layer2	edge	shared.name	rn:R03238	inhibitor	ec:2.7.1.11
layer3	node	KEGG_ID	C00074	layer2	edge	shared.name	rn:R03239	inhibitor	ec:2.7.1.11
layer3	node	KEGG_ID	C00074	layer2	edge	shared.name	rn:R00756	inhibitor	ec:2.7.1.11
layer3	node	KEGG_ID	C00074	layer2	edge	shared.name	rn:R04779	inhibitor	ec:2.7.1.11
layer3	node	KEGG_ID	C00158	layer2	edge	shared.name	rn:R00767	inhibitor	ec:2.7.1.11
layer3	node	KEGG_ID	C00158	layer2	edge	shared.name	rn:R00769	inhibitor	ec:2.7.1.11
layer3	node	KEGG_ID	C00158	layer2	edge	shared.name	rn:R00770	inhibitor	ec:2.7.1.11
layer3	node	KEGG_ID	C00158	layer2	edge	shared.name	rn:R01843	inhibitor	ec:2.7.1.11
layer3	node	KEGG_ID	C00158	layer2	edge	shared.name	rn:R03236	inhibitor	ec:2.7.1.11
layer3	node	KEGG_ID	C00158	layer2	edge	shared.name	rn:R03237	inhibitor	ec:2.7.1.11
layer3	node	KEGG_ID	C00158	layer2	edge	shared.name	rn:R03238	inhibitor	ec:2.7.1.11
layer3	node	KEGG_ID	C00158	layer2	edge	shared.name	rn:R03239	inhibitor	ec:2.7.1.11
layer3	node	KEGG_ID	C00158	layer2	edge	shared.name	rn:R00756	inhibitor	ec:2.7.1.11
layer3	node	KEGG_ID	C00158	layer2	edge	shared.name	rn:R04779	inhibitor	ec:2.7.1.11
layer3	node	KEGG_ID	C00311	layer2	edge	shared.name	rn:R00767	inhibitor	ec:2.7.1.11
layer3	node	KEGG_ID	C00311	layer2	edge	shared.name	rn:R00769	inhibitor	ec:2.7.1.11
layer3	node	KEGG_ID	C00311	layer2	edge	shared.name	rn:R00770	inhibitor	ec:2.7.1.11
layer3	node	KEGG_ID	C00311	layer2	edge	shared.name	rn:R01843	inhibitor	ec:2.7.1.11
layer3	node	KEGG_ID	C00311	layer2	edge	shared.name	rn:R03236	inhibitor	ec:2.7.1.11
layer3	node	KEGG_ID	C00311	layer2	edge	shared.name	rn:R03237	inhibitor	ec:2.7.1.11
layer3	node	KEGG_ID	C00311	layer2	edge	shared.name	rn:R03238	inhibitor	ec:2.7.1.11
layer3	node	KEGG_ID	C00311	layer2	edge	shared.name	rn:R03239	inhibitor	ec:2.7.1.11
layer3	node	KEGG_ID	C00311	layer2	edge	shared.name	rn:R00756	inhibitor	ec:2.7.1.11
layer3	node	KEGG_ID	C00311	layer2	edge	shared.name	rn:R04779	inhibitor	ec:2.7.1.11
layer3	node	KEGG_ID	C00711	layer2	edge	shared.name	rn:R00767	inhibitor	ec:2.7.1.11
layer3	node	KEGG_ID	C00711	layer2	edge	shared.name	rn:R00769	inhibitor	ec:2.7.1.11
layer3	node	KEGG_ID	C00711	layer2	edge	shared.name	rn:R00770	inhibitor	ec:2.7.1.11
layer3	node	KEGG_ID	C00711	layer2	edge	shared.name	rn:R01843	inhibitor	ec:2.7.1.11
layer3	node	KEGG_ID	C00711	layer2	edge	shared.name	rn:R03236	inhibitor	ec:2.7.1.11
layer3	node	KEGG_ID	C00711	layer2	edge	shared.name	rn:R03237	inhibitor	ec:2.7.1.11
layer3	node	KEGG_ID	C00711	layer2	edge	shared.name	rn:R03238	inhibitor	ec:2.7.1.11
layer3	node	KEGG_ID	C00711	layer2	edge	shared.name	rn:R03239	inhibitor	ec:2.7.1.11
layer3	node	KEGG_ID	C00711	layer2	edge	shared.name	rn:R00756	inhibitor	ec:2.7.1.11
layer3	node	KEGG_ID	C00711	layer2	edge	shared.name	rn:R04779	inhibitor	ec:2.7.1.11
layer3	node	KEGG_ID	C00092	layer2	edge	shared.name	rn:R00299	inhibitor	ec:2.7.1.2
layer3	node	KEGG_ID	C00092	layer2	edge	shared.name	rn:R01600	inhibitor	ec:2.7.1.2
layer3	node	KEGG_ID	C00092	layer2	edge	shared.name	rn:R01786	inhibitor	ec:2.7.1.2
layer3	node	KEGG_ID	C00354	layer2	edge	shared.name	rn:R00430	activator	ec:2.7.1.40
layer3	node	KEGG_ID	C00354	layer2	edge	shared.name	rn:R00572	activator	ec:2.7.1.40
layer3	node	KEGG_ID	C00354	layer2	edge	shared.name	rn:R00659	activator	ec:2.7.1.40
layer3	node	KEGG_ID	C00354	layer2	edge	shared.name	rn:R00724	activator	ec:2.7.1.40
layer3	node	KEGG_ID	C00354	layer2	edge	shared.name	rn:R01138	activator	ec:2.7.1.40
layer3	node	KEGG_ID	C00354	layer2	edge	shared.name	rn:R01858	activator	ec:2.7.1.40
layer3	node	KEGG_ID	C00354	layer2	edge	shared.name	rn:R02320	activator	ec:2.7.1.40
layer3	node	KEGG_ID	C00354	layer2	edge	shared.name	rn:R00200	activator	ec:2.7.1.40
layer3	node	KEGG_ID	C00041	layer2	edge	shared.name	rn:R00430	inhibitor	ec:2.7.1.40
layer3	node	KEGG_ID	C00041	layer2	edge	shared.name	rn:R00572	inhibitor	ec:2.7.1.40
layer3	node	KEGG_ID	C00041	layer2	edge	shared.name	rn:R00659	inhibitor	ec:2.7.1.40
layer3	node	KEGG_ID	C00041	layer2	edge	shared.name	rn:R00724	inhibitor	ec:2.7.1.40
layer3	node	KEGG_ID	C00041	layer2	edge	shared.name	rn:R01138	inhibitor	ec:2.7.1.40
layer3	node	KEGG_ID	C00041	layer2	edge	shared.name	rn:R01858	inhibitor	ec:2.7.1.40
layer3	node	KEGG_ID	C00041	layer2	edge	shared.name	rn:R02320	inhibitor	ec:2.7.1.40
layer3	node	KEGG_ID	C00041	layer2	edge	shared.name	rn:R00200	inhibitor	ec:2.7.1.40
layer3	node	KEGG_ID	C00158	layer2	edge	shared.name	rn:R01512	inhibitor	ec:2.7.2.3
layer3	node	KEGG_ID	C00197	layer2	edge	shared.name	rn:R01512	inhibitor	ec:2.7.2.3
layer3	node	KEGG_ID	C00091	layer2	edge	shared.name	rn:R00410	inhibitor	ec:2.8.3.5
layer3	node	KEGG_ID	C00091	layer2	edge	shared.name	rn:R01780	inhibitor	ec:2.8.3.5
layer3	node	KEGG_ID	C00158	layer2	edge	shared.name	rn:R00410	inhibitor	ec:2.8.3.5
layer3	node	KEGG_ID	C00158	layer2	edge	shared.name	rn:R01780	inhibitor	ec:2.8.3.5
layer3	node	KEGG_ID	C00711	layer2	edge	shared.name	rn:R00410	inhibitor	ec:2.8.3.5
layer3	node	KEGG_ID	C00711	layer2	edge	shared.name	rn:R01780	inhibitor	ec:2.8.3.5
layer3	node	KEGG_ID	C00158	layer2	edge	shared.name	rn:R02053	inhibitor	ec:3.1.1.4
layer3	node	KEGG_ID	C00158	layer2	edge	shared.name	rn:R03107	inhibitor	ec:3.1.1.4
layer3	node	KEGG_ID	C00158	layer2	edge	shared.name	rn:R07379	inhibitor	ec:3.1.1.4
layer3	node	KEGG_ID	C00158	layer2	edge	shared.name	rn:R07387	inhibitor	ec:3.1.1.4
layer3	node	KEGG_ID	C00158	layer2	edge	shared.name	rn:R01313	inhibitor	ec:3.1.1.4
layer3	node	KEGG_ID	C00158	layer2	edge	shared.name	rn:R01315	inhibitor	ec:3.1.1.4
layer3	node	KEGG_ID	C00158	layer2	edge	shared.name	rn:R01317	inhibitor	ec:3.1.1.4
layer3	node	KEGG_ID	C00158	layer2	edge	shared.name	rn:R07064	inhibitor	ec:3.1.1.4
layer3	node	KEGG_ID	C00158	layer2	edge	shared.name	rn:R07859	inhibitor	ec:3.1.1.4
layer3	node	KEGG_ID	C00122	layer2	edge	shared.name	rn:R08174	activator	ec:3.1.2.2
layer3	node	KEGG_ID	C00122	layer2	edge	shared.name	rn:R08175	activator	ec:3.1.2.2
layer3	node	KEGG_ID	C00122	layer2	edge	shared.name	rn:R08176	activator	ec:3.1.2.2
layer3	node	KEGG_ID	C00122	layer2	edge	shared.name	rn:R08177	activator	ec:3.1.2.2
layer3	node	KEGG_ID	C00122	layer2	edge	shared.name	rn:R08178	activator	ec:3.1.2.2
layer3	node	KEGG_ID	C00122	layer2	edge	shared.name	rn:R08179	activator	ec:3.1.2.2
layer3	node	KEGG_ID	C00122	layer2	edge	shared.name	rn:R08180	activator	ec:3.1.2.2
layer3	node	KEGG_ID	C00122	layer2	edge	shared.name	rn:R08181	activator	ec:3.1.2.2
layer3	node	KEGG_ID	C00122	layer2	edge	shared.name	rn:R08182	activator	ec:3.1.2.2
layer3	node	KEGG_ID	C00122	layer2	edge	shared.name	rn:R08183	activator	ec:3.1.2.2
layer3	node	KEGG_ID	C00122	layer2	edge	shared.name	rn:R09450	activator	ec:3.1.2.2
layer3	node	KEGG_ID	C00122	layer2	edge	shared.name	rn:R01274	activator	ec:3.1.2.2
layer3	node	KEGG_ID	C00158	layer2	edge	shared.name	rn:R08174	activator	ec:3.1.2.2
layer3	node	KEGG_ID	C00158	layer2	edge	shared.name	rn:R08175	activator	ec:3.1.2.2
layer3	node	KEGG_ID	C00158	layer2	edge	shared.name	rn:R08176	activator	ec:3.1.2.2
layer3	node	KEGG_ID	C00158	layer2	edge	shared.name	rn:R08177	activator	ec:3.1.2.2
layer3	node	KEGG_ID	C00158	layer2	edge	shared.name	rn:R08178	activator	ec:3.1.2.2
layer3	node	KEGG_ID	C00158	layer2	edge	shared.name	rn:R08179	activator	ec:3.1.2.2
layer3	node	KEGG_ID	C00158	layer2	edge	shared.name	rn:R08180	activator	ec:3.1.2.2
layer3	node	KEGG_ID	C00158	layer2	edge	shared.name	rn:R08181	activator	ec:3.1.2.2
layer3	node	KEGG_ID	C00158	layer2	edge	shared.name	rn:R08182	activator	ec:3.1.2.2
layer3	node	KEGG_ID	C00158	layer2	edge	shared.name	rn:R08183	activator	ec:3.1.2.2
layer3	node	KEGG_ID	C00158	layer2	edge	shared.name	rn:R09450	activator	ec:3.1.2.2
layer3	node	KEGG_ID	C00158	layer2	edge	shared.name	rn:R01274	activator	ec:3.1.2.2
layer3	node	KEGG_ID	C00711	layer2	edge	shared.name	rn:R08174	activator	ec:3.1.2.2
layer3	node	KEGG_ID	C00711	layer2	edge	shared.name	rn:R08175	activator	ec:3.1.2.2
layer3	node	KEGG_ID	C00711	layer2	edge	shared.name	rn:R08176	activator	ec:3.1.2.2
layer3	node	KEGG_ID	C00711	layer2	edge	shared.name	rn:R08177	activator	ec:3.1.2.2
layer3	node	KEGG_ID	C00711	layer2	edge	shared.name	rn:R08178	activator	ec:3.1.2.2
layer3	node	KEGG_ID	C00711	layer2	edge	shared.name	rn:R08179	activator	ec:3.1.2.2
layer3	node	KEGG_ID	C00711	layer2	edge	shared.name	rn:R08180	activator	ec:3.1.2.2
layer3	node	KEGG_ID	C00711	layer2	edge	shared.name	rn:R08181	activator	ec:3.1.2.2
layer3	node	KEGG_ID	C00711	layer2	edge	shared.name	rn:R08182	activator	ec:3.1.2.2
layer3	node	KEGG_ID	C00711	layer2	edge	shared.name	rn:R08183	activator	ec:3.1.2.2
layer3	node	KEGG_ID	C00711	layer2	edge	shared.name	rn:R09450	activator	ec:3.1.2.2
layer3	node	KEGG_ID	C00711	layer2	edge	shared.name	rn:R01274	activator	ec:3.1.2.2
layer3	node	KEGG_ID	C01595	layer2	edge	shared.name	rn:R08174	activator	ec:3.1.2.2
layer3	node	KEGG_ID	C01595	layer2	edge	shared.name	rn:R08175	activator	ec:3.1.2.2
layer3	node	KEGG_ID	C01595	layer2	edge	shared.name	rn:R08176	activator	ec:3.1.2.2
layer3	node	KEGG_ID	C01595	layer2	edge	shared.name	rn:R08177	activator	ec:3.1.2.2
layer3	node	KEGG_ID	C01595	layer2	edge	shared.name	rn:R08178	activator	ec:3.1.2.2
layer3	node	KEGG_ID	C01595	layer2	edge	shared.name	rn:R08179	activator	ec:3.1.2.2
layer3	node	KEGG_ID	C01595	layer2	edge	shared.name	rn:R08180	activator	ec:3.1.2.2
layer3	node	KEGG_ID	C01595	layer2	edge	shared.name	rn:R08181	activator	ec:3.1.2.2
layer3	node	KEGG_ID	C01595	layer2	edge	shared.name	rn:R08182	activator	ec:3.1.2.2
layer3	node	KEGG_ID	C01595	layer2	edge	shared.name	rn:R08183	activator	ec:3.1.2.2
layer3	node	KEGG_ID	C01595	layer2	edge	shared.name	rn:R09450	activator	ec:3.1.2.2
layer3	node	KEGG_ID	C01595	layer2	edge	shared.name	rn:R01274	activator	ec:3.1.2.2
layer3	node	KEGG_ID	C00122	layer2	edge	shared.name	rn:R08174	inhibitor	ec:3.1.2.2
layer3	node	KEGG_ID	C00122	layer2	edge	shared.name	rn:R08175	inhibitor	ec:3.1.2.2
layer3	node	KEGG_ID	C00122	layer2	edge	shared.name	rn:R08176	inhibitor	ec:3.1.2.2
layer3	node	KEGG_ID	C00122	layer2	edge	shared.name	rn:R08177	inhibitor	ec:3.1.2.2
layer3	node	KEGG_ID	C00122	layer2	edge	shared.name	rn:R08178	inhibitor	ec:3.1.2.2
layer3	node	KEGG_ID	C00122	layer2	edge	shared.name	rn:R08179	inhibitor	ec:3.1.2.2
layer3	node	KEGG_ID	C00122	layer2	edge	shared.name	rn:R08180	inhibitor	ec:3.1.2.2
layer3	node	KEGG_ID	C00122	layer2	edge	shared.name	rn:R08181	inhibitor	ec:3.1.2.2
layer3	node	KEGG_ID	C00122	layer2	edge	shared.name	rn:R08182	inhibitor	ec:3.1.2.2
layer3	node	KEGG_ID	C00122	layer2	edge	shared.name	rn:R08183	inhibitor	ec:3.1.2.2
layer3	node	KEGG_ID	C00122	layer2	edge	shared.name	rn:R09450	inhibitor	ec:3.1.2.2
layer3	node	KEGG_ID	C00122	layer2	edge	shared.name	rn:R01274	inhibitor	ec:3.1.2.2
layer3	node	KEGG_ID	C00158	layer2	edge	shared.name	rn:R08174	inhibitor	ec:3.1.2.2
layer3	node	KEGG_ID	C00158	layer2	edge	shared.name	rn:R08175	inhibitor	ec:3.1.2.2
layer3	node	KEGG_ID	C00158	layer2	edge	shared.name	rn:R08176	inhibitor	ec:3.1.2.2
layer3	node	KEGG_ID	C00158	layer2	edge	shared.name	rn:R08177	inhibitor	ec:3.1.2.2
layer3	node	KEGG_ID	C00158	layer2	edge	shared.name	rn:R08178	inhibitor	ec:3.1.2.2
layer3	node	KEGG_ID	C00158	layer2	edge	shared.name	rn:R08179	inhibitor	ec:3.1.2.2
layer3	node	KEGG_ID	C00158	layer2	edge	shared.name	rn:R08180	inhibitor	ec:3.1.2.2
layer3	node	KEGG_ID	C00158	layer2	edge	shared.name	rn:R08181	inhibitor	ec:3.1.2.2
layer3	node	KEGG_ID	C00158	layer2	edge	shared.name	rn:R08182	inhibitor	ec:3.1.2.2
layer3	node	KEGG_ID	C00158	layer2	edge	shared.name	rn:R08183	inhibitor	ec:3.1.2.2
layer3	node	KEGG_ID	C00158	layer2	edge	shared.name	rn:R09450	inhibitor	ec:3.1.2.2
layer3	node	KEGG_ID	C00158	layer2	edge	shared.name	rn:R01274	inhibitor	ec:3.1.2.2
layer3	node	KEGG_ID	C00711	layer2	edge	shared.name	rn:R08174	inhibitor	ec:3.1.2.2
layer3	node	KEGG_ID	C00711	layer2	edge	shared.name	rn:R08175	inhibitor	ec:3.1.2.2
layer3	node	KEGG_ID	C00711	layer2	edge	shared.name	rn:R08176	inhibitor	ec:3.1.2.2
layer3	node	KEGG_ID	C00711	layer2	edge	shared.name	rn:R08177	inhibitor	ec:3.1.2.2
layer3	node	KEGG_ID	C00711	layer2	edge	shared.name	rn:R08178	inhibitor	ec:3.1.2.2
layer3	node	KEGG_ID	C00711	layer2	edge	shared.name	rn:R08179	inhibitor	ec:3.1.2.2
layer3	node	KEGG_ID	C00711	layer2	edge	shared.name	rn:R08180	inhibitor	ec:3.1.2.2
layer3	node	KEGG_ID	C00711	layer2	edge	shared.name	rn:R08181	inhibitor	ec:3.1.2.2
layer3	node	KEGG_ID	C00711	layer2	edge	shared.name	rn:R08182	inhibitor	ec:3.1.2.2
layer3	node	KEGG_ID	C00711	layer2	edge	shared.name	rn:R08183	inhibitor	ec:3.1.2.2
layer3	node	KEGG_ID	C00711	layer2	edge	shared.name	rn:R09450	inhibitor	ec:3.1.2.2
layer3	node	KEGG_ID	C00711	layer2	edge	shared.name	rn:R01274	inhibitor	ec:3.1.2.2
layer3	node	KEGG_ID	C02990	layer2	edge	shared.name	rn:R08174	inhibitor	ec:3.1.2.2
layer3	node	KEGG_ID	C02990	layer2	edge	shared.name	rn:R08175	inhibitor	ec:3.1.2.2
layer3	node	KEGG_ID	C02990	layer2	edge	shared.name	rn:R08176	inhibitor	ec:3.1.2.2
layer3	node	KEGG_ID	C02990	layer2	edge	shared.name	rn:R08177	inhibitor	ec:3.1.2.2
layer3	node	KEGG_ID	C02990	layer2	edge	shared.name	rn:R08178	inhibitor	ec:3.1.2.2
layer3	node	KEGG_ID	C02990	layer2	edge	shared.name	rn:R08179	inhibitor	ec:3.1.2.2
layer3	node	KEGG_ID	C02990	layer2	edge	shared.name	rn:R08180	inhibitor	ec:3.1.2.2
layer3	node	KEGG_ID	C02990	layer2	edge	shared.name	rn:R08181	inhibitor	ec:3.1.2.2
layer3	node	KEGG_ID	C02990	layer2	edge	shared.name	rn:R08182	inhibitor	ec:3.1.2.2
layer3	node	KEGG_ID	C02990	layer2	edge	shared.name	rn:R08183	inhibitor	ec:3.1.2.2
layer3	node	KEGG_ID	C02990	layer2	edge	shared.name	rn:R09450	inhibitor	ec:3.1.2.2
layer3	node	KEGG_ID	C02990	layer2	edge	shared.name	rn:R01274	inhibitor	ec:3.1.2.2
layer3	node	KEGG_ID	C00158	layer2	edge	shared.name	rn:R01845	activator	ec:3.1.3.11
layer3	node	KEGG_ID	C00158	layer2	edge	shared.name	rn:R00762	activator	ec:3.1.3.11
layer3	node	KEGG_ID	C00158	layer2	edge	shared.name	rn:R04780	activator	ec:3.1.3.11
layer3	node	KEGG_ID	C00354	layer2	edge	shared.name	rn:R01845	activator	ec:3.1.3.11
layer3	node	KEGG_ID	C00354	layer2	edge	shared.name	rn:R00762	activator	ec:3.1.3.11
layer3	node	KEGG_ID	C00354	layer2	edge	shared.name	rn:R04780	activator	ec:3.1.3.11
layer3	node	KEGG_ID	C00085	layer2	edge	shared.name	rn:R01845	inhibitor	ec:3.1.3.11
layer3	node	KEGG_ID	C00085	layer2	edge	shared.name	rn:R00762	inhibitor	ec:3.1.3.11
layer3	node	KEGG_ID	C00085	layer2	edge	shared.name	rn:R04780	inhibitor	ec:3.1.3.11
layer3	node	KEGG_ID	C00354	layer2	edge	shared.name	rn:R01845	inhibitor	ec:3.1.3.11
layer3	node	KEGG_ID	C00354	layer2	edge	shared.name	rn:R00762	inhibitor	ec:3.1.3.11
layer3	node	KEGG_ID	C00354	layer2	edge	shared.name	rn:R04780	inhibitor	ec:3.1.3.11
layer3	node	KEGG_ID	C00665	layer2	edge	shared.name	rn:R01845	inhibitor	ec:3.1.3.11
layer3	node	KEGG_ID	C00665	layer2	edge	shared.name	rn:R00762	inhibitor	ec:3.1.3.11
layer3	node	KEGG_ID	C00665	layer2	edge	shared.name	rn:R04780	inhibitor	ec:3.1.3.11
layer3	node	KEGG_ID	C00074	layer2	edge	shared.name	rn:R00763	activator	ec:3.1.3.46
layer3	node	KEGG_ID	C00074	layer2	edge	shared.name	rn:R02731	activator	ec:3.1.3.46
layer3	node	KEGG_ID	C00158	layer2	edge	shared.name	rn:R00763	activator	ec:3.1.3.46
layer3	node	KEGG_ID	C00158	layer2	edge	shared.name	rn:R02731	activator	ec:3.1.3.46
layer3	node	KEGG_ID	C00074	layer2	edge	shared.name	rn:R00763	inhibitor	ec:3.1.3.46
layer3	node	KEGG_ID	C00074	layer2	edge	shared.name	rn:R02731	inhibitor	ec:3.1.3.46
layer3	node	KEGG_ID	C00085	layer2	edge	shared.name	rn:R00763	inhibitor	ec:3.1.3.46
layer3	node	KEGG_ID	C00085	layer2	edge	shared.name	rn:R02731	inhibitor	ec:3.1.3.46
layer3	node	KEGG_ID	C00158	layer2	edge	shared.name	rn:R00763	inhibitor	ec:3.1.3.46
layer3	node	KEGG_ID	C00158	layer2	edge	shared.name	rn:R02731	inhibitor	ec:3.1.3.46
layer3	node	KEGG_ID	C00026	layer2	edge	shared.name	rn:R00303	inhibitor	ec:3.1.3.9
layer3	node	KEGG_ID	C00026	layer2	edge	shared.name	rn:R01788	inhibitor	ec:3.1.3.9
layer3	node	KEGG_ID	C00412	layer2	edge	shared.name	rn:R00303	inhibitor	ec:3.1.3.9
layer3	node	KEGG_ID	C00412	layer2	edge	shared.name	rn:R01788	inhibitor	ec:3.1.3.9
layer3	node	KEGG_ID	C00510	layer2	edge	shared.name	rn:R00303	inhibitor	ec:3.1.3.9
layer3	node	KEGG_ID	C00510	layer2	edge	shared.name	rn:R01788	inhibitor	ec:3.1.3.9
layer3	node	KEGG_ID	C16528	layer2	edge	shared.name	rn:R00303	inhibitor	ec:3.1.3.9
layer3	node	KEGG_ID	C16528	layer2	edge	shared.name	rn:R01788	inhibitor	ec:3.1.3.9
layer3	node	KEGG_ID	C00092	layer2	edge	shared.name	rn:R02109	inhibitor	ec:3.2.1.33
layer3	node	KEGG_ID	C00092	layer2	edge	shared.name	rn:R06158	inhibitor	ec:3.2.1.33
layer3	node	KEGG_ID	C00021	layer2	edge	shared.name	rn:R04936	inhibitor	ec:3.3.1.1
layer3	node	KEGG_ID	C00021	layer2	edge	shared.name	rn:R00192	inhibitor	ec:3.3.1.1
layer3	node	KEGG_ID	C00025	layer2	edge	shared.name	rn:R00488	inhibitor	ec:3.5.1.15
layer3	node	KEGG_ID	C00025	layer2	edge	shared.name	rn:R00526	inhibitor	ec:3.5.1.15
layer3	node	KEGG_ID	C00025	layer2	edge	shared.name	rn:R00546	inhibitor	ec:3.5.1.15
layer3	node	KEGG_ID	C00049	layer2	edge	shared.name	rn:R00488	inhibitor	ec:3.5.1.15
layer3	node	KEGG_ID	C00049	layer2	edge	shared.name	rn:R00526	inhibitor	ec:3.5.1.15
layer3	node	KEGG_ID	C00049	layer2	edge	shared.name	rn:R00546	inhibitor	ec:3.5.1.15
layer3	node	KEGG_ID	C16433	layer2	edge	shared.name	rn:R00488	inhibitor	ec:3.5.1.15
layer3	node	KEGG_ID	C16433	layer2	edge	shared.name	rn:R00526	inhibitor	ec:3.5.1.15
layer3	node	KEGG_ID	C16433	layer2	edge	shared.name	rn:R00546	inhibitor	ec:3.5.1.15
layer3	node	KEGG_ID	C00074	layer2	edge	shared.name	rn:R01579	activator	ec:3.5.1.2
layer3	node	KEGG_ID	C00074	layer2	edge	shared.name	rn:R06134	activator	ec:3.5.1.2
layer3	node	KEGG_ID	C00074	layer2	edge	shared.name	rn:R00256	activator	ec:3.5.1.2
layer3	node	KEGG_ID	C00085	layer2	edge	shared.name	rn:R01579	activator	ec:3.5.1.2
layer3	node	KEGG_ID	C00085	layer2	edge	shared.name	rn:R06134	activator	ec:3.5.1.2
layer3	node	KEGG_ID	C00085	layer2	edge	shared.name	rn:R00256	activator	ec:3.5.1.2
layer3	node	KEGG_ID	C00092	layer2	edge	shared.name	rn:R01579	activator	ec:3.5.1.2
layer3	node	KEGG_ID	C00092	layer2	edge	shared.name	rn:R06134	activator	ec:3.5.1.2
layer3	node	KEGG_ID	C00092	layer2	edge	shared.name	rn:R00256	activator	ec:3.5.1.2
layer3	node	KEGG_ID	C00158	layer2	edge	shared.name	rn:R01579	activator	ec:3.5.1.2
layer3	node	KEGG_ID	C00158	layer2	edge	shared.name	rn:R06134	activator	ec:3.5.1.2
layer3	node	KEGG_ID	C00158	layer2	edge	shared.name	rn:R00256	activator	ec:3.5.1.2
layer3	node	KEGG_ID	C00711	layer2	edge	shared.name	rn:R01579	activator	ec:3.5.1.2
layer3	node	KEGG_ID	C00711	layer2	edge	shared.name	rn:R06134	activator	ec:3.5.1.2
layer3	node	KEGG_ID	C00711	layer2	edge	shared.name	rn:R00256	activator	ec:3.5.1.2
layer3	node	KEGG_ID	C00025	layer2	edge	shared.name	rn:R01579	inhibitor	ec:3.5.1.2
layer3	node	KEGG_ID	C00025	layer2	edge	shared.name	rn:R06134	inhibitor	ec:3.5.1.2
layer3	node	KEGG_ID	C00025	layer2	edge	shared.name	rn:R00256	inhibitor	ec:3.5.1.2
layer3	node	KEGG_ID	C00026	layer2	edge	shared.name	rn:R01579	inhibitor	ec:3.5.1.2
layer3	node	KEGG_ID	C00026	layer2	edge	shared.name	rn:R06134	inhibitor	ec:3.5.1.2
layer3	node	KEGG_ID	C00026	layer2	edge	shared.name	rn:R00256	inhibitor	ec:3.5.1.2
layer3	node	KEGG_ID	C00158	layer2	edge	shared.name	rn:R01579	inhibitor	ec:3.5.1.2
layer3	node	KEGG_ID	C00158	layer2	edge	shared.name	rn:R06134	inhibitor	ec:3.5.1.2
layer3	node	KEGG_ID	C00158	layer2	edge	shared.name	rn:R00256	inhibitor	ec:3.5.1.2
layer3	node	KEGG_ID	C00049	layer2	edge	shared.name	rn:R03421	inhibitor	ec:3.5.1.26
layer3	node	KEGG_ID	C16433	layer2	edge	shared.name	rn:R03421	inhibitor	ec:3.5.1.26
layer3	node	KEGG_ID	C00025	layer2	edge	shared.name	rn:R00551	inhibitor	ec:3.5.3.1
layer3	node	KEGG_ID	C00077	layer2	edge	shared.name	rn:R00551	inhibitor	ec:3.5.3.1
layer3	node	KEGG_ID	C00158	layer2	edge	shared.name	rn:R00551	inhibitor	ec:3.5.3.1
layer3	node	KEGG_ID	C01602	layer2	edge	shared.name	rn:R00551	inhibitor	ec:3.5.3.1
layer3	node	KEGG_ID	C00134	layer2	edge	shared.name	rn:R01157	inhibitor	ec:3.5.3.11
layer3	node	KEGG_ID	C00085	layer2	edge	shared.name	rn:R00765	inhibitor	ec:3.5.99.6
layer3	node	KEGG_ID	C00092	layer2	edge	shared.name	rn:R00765	inhibitor	ec:3.5.99.6
layer3	node	KEGG_ID	C00354	layer2	edge	shared.name	rn:R00765	inhibitor	ec:3.5.99.6
layer3	node	KEGG_ID	C00074	layer2	edge	shared.name	rn:R00317	inhibitor	ec:3.6.1.7
layer3	node	KEGG_ID	C00074	layer2	edge	shared.name	rn:R00539	inhibitor	ec:3.6.1.7
layer3	node	KEGG_ID	C00074	layer2	edge	shared.name	rn:R01421	inhibitor	ec:3.6.1.7
layer3	node	KEGG_ID	C00074	layer2	edge	shared.name	rn:R01515	inhibitor	ec:3.6.1.7
layer3	node	KEGG_ID	C00158	layer2	edge	shared.name	rn:R01364	inhibitor	ec:3.7.1.2
layer3	node	KEGG_ID	C00025	layer2	edge	shared.name	rn:R00489	inhibitor	ec:4.1.1.15
layer3	node	KEGG_ID	C00025	layer2	edge	shared.name	rn:R01682	inhibitor	ec:4.1.1.15
layer3	node	KEGG_ID	C00025	layer2	edge	shared.name	rn:R02466	inhibitor	ec:4.1.1.15
layer3	node	KEGG_ID	C00025	layer2	edge	shared.name	rn:R00261	inhibitor	ec:4.1.1.15
layer3	node	KEGG_ID	C00026	layer2	edge	shared.name	rn:R00489	inhibitor	ec:4.1.1.15
layer3	node	KEGG_ID	C00026	layer2	edge	shared.name	rn:R01682	inhibitor	ec:4.1.1.15
layer3	node	KEGG_ID	C00026	layer2	edge	shared.name	rn:R02466	inhibitor	ec:4.1.1.15
layer3	node	KEGG_ID	C00026	layer2	edge	shared.name	rn:R00261	inhibitor	ec:4.1.1.15
layer3	node	KEGG_ID	C00049	layer2	edge	shared.name	rn:R00489	inhibitor	ec:4.1.1.15
layer3	node	KEGG_ID	C00049	layer2	edge	shared.name	rn:R01682	inhibitor	ec:4.1.1.15
layer3	node	KEGG_ID	C00049	layer2	edge	shared.name	rn:R02466	inhibitor	ec:4.1.1.15
layer3	node	KEGG_ID	C00049	layer2	edge	shared.name	rn:R00261	inhibitor	ec:4.1.1.15
layer3	node	KEGG_ID	C00217	layer2	edge	shared.name	rn:R00489	inhibitor	ec:4.1.1.15
layer3	node	KEGG_ID	C00217	layer2	edge	shared.name	rn:R01682	inhibitor	ec:4.1.1.15
layer3	node	KEGG_ID	C00217	layer2	edge	shared.name	rn:R02466	inhibitor	ec:4.1.1.15
layer3	node	KEGG_ID	C00217	layer2	edge	shared.name	rn:R00261	inhibitor	ec:4.1.1.15
layer3	node	KEGG_ID	C00711	layer2	edge	shared.name	rn:R00489	inhibitor	ec:4.1.1.15
layer3	node	KEGG_ID	C00711	layer2	edge	shared.name	rn:R01682	inhibitor	ec:4.1.1.15
layer3	node	KEGG_ID	C00711	layer2	edge	shared.name	rn:R02466	inhibitor	ec:4.1.1.15
layer3	node	KEGG_ID	C00711	layer2	edge	shared.name	rn:R00261	inhibitor	ec:4.1.1.15
layer3	node	KEGG_ID	C16433	layer2	edge	shared.name	rn:R00489	inhibitor	ec:4.1.1.15
layer3	node	KEGG_ID	C16433	layer2	edge	shared.name	rn:R01682	inhibitor	ec:4.1.1.15
layer3	node	KEGG_ID	C16433	layer2	edge	shared.name	rn:R02466	inhibitor	ec:4.1.1.15
layer3	node	KEGG_ID	C16433	layer2	edge	shared.name	rn:R00261	inhibitor	ec:4.1.1.15
layer3	node	KEGG_ID	C00134	layer2	edge	shared.name	rn:R00670	inhibitor	ec:4.1.1.17
layer3	node	KEGG_ID	C00515	layer2	edge	shared.name	rn:R00670	inhibitor	ec:4.1.1.17
layer3	node	KEGG_ID	C00026	layer2	edge	shared.name	rn:R00726	inhibitor	ec:4.1.1.32
layer3	node	KEGG_ID	C00026	layer2	edge	shared.name	rn:R00431	inhibitor	ec:4.1.1.32
layer3	node	KEGG_ID	C00085	layer2	edge	shared.name	rn:R01829	inhibitor	ec:4.1.2.13
layer3	node	KEGG_ID	C00085	layer2	edge	shared.name	rn:R02568	inhibitor	ec:4.1.2.13
layer3	node	KEGG_ID	C00085	layer2	edge	shared.name	rn:R01068	inhibitor	ec:4.1.2.13
layer3	node	KEGG_ID	C00085	layer2	edge	shared.name	rn:R01070	inhibitor	ec:4.1.2.13
layer3	node	KEGG_ID	C00092	layer2	edge	shared.name	rn:R01829	inhibitor	ec:4.1.2.13
layer3	node	KEGG_ID	C00092	layer2	edge	shared.name	rn:R02568	inhibitor	ec:4.1.2.13
layer3	node	KEGG_ID	C00092	layer2	edge	shared.name	rn:R01068	inhibitor	ec:4.1.2.13
layer3	node	KEGG_ID	C00092	layer2	edge	shared.name	rn:R01070	inhibitor	ec:4.1.2.13
layer3	node	KEGG_ID	C00631	layer2	edge	shared.name	rn:R04206	inhibitor	ec:4.2.1.11
layer3	node	KEGG_ID	C00631	layer2	edge	shared.name	rn:R00658	inhibitor	ec:4.2.1.11
layer3	node	KEGG_ID	C00158	layer2	edge	shared.name	rn:R01082	activator	ec:4.2.1.2
layer3	node	KEGG_ID	C00158	layer2	edge	shared.name	rn:R01082	inhibitor	ec:4.2.1.2
layer3	node	KEGG_ID	C00311	layer2	edge	shared.name	rn:R01082	inhibitor	ec:4.2.1.2
layer3	node	KEGG_ID	C00092	layer2	edge	shared.name	rn:R01324	inhibitor	ec:4.2.1.3
layer3	node	KEGG_ID	C00092	layer2	edge	shared.name	rn:R01325	inhibitor	ec:4.2.1.3
layer3	node	KEGG_ID	C00092	layer2	edge	shared.name	rn:R01900	inhibitor	ec:4.2.1.3
layer3	node	KEGG_ID	C00122	layer2	edge	shared.name	rn:R01324	inhibitor	ec:4.2.1.3
layer3	node	KEGG_ID	C00122	layer2	edge	shared.name	rn:R01325	inhibitor	ec:4.2.1.3
layer3	node	KEGG_ID	C00122	layer2	edge	shared.name	rn:R01900	inhibitor	ec:4.2.1.3
layer3	node	KEGG_ID	C00041	layer2	edge	shared.name	rn:R06132	inhibitor	ec:4.3.1.3
layer3	node	KEGG_ID	C00041	layer2	edge	shared.name	rn:R01168	inhibitor	ec:4.3.1.3
layer3	node	KEGG_ID	C00122	layer2	edge	shared.name	rn:R01086	inhibitor	ec:4.3.2.1
layer3	node	KEGG_ID	C00049	layer2	edge	shared.name	rn:R01083	inhibitor	ec:4.3.2.2
layer3	node	KEGG_ID	C00049	layer2	edge	shared.name	rn:R04559	inhibitor	ec:4.3.2.2
layer3	node	KEGG_ID	C00122	layer2	edge	shared.name	rn:R01083	inhibitor	ec:4.3.2.2
layer3	node	KEGG_ID	C00122	layer2	edge	shared.name	rn:R04559	inhibitor	ec:4.3.2.2
layer3	node	KEGG_ID	C16433	layer2	edge	shared.name	rn:R01083	inhibitor	ec:4.3.2.2
layer3	node	KEGG_ID	C16433	layer2	edge	shared.name	rn:R04559	inhibitor	ec:4.3.2.2
layer3	node	KEGG_ID	C00354	layer2	edge	shared.name	rn:R01057	inhibitor	ec:5.4.2.2
layer3	node	KEGG_ID	C00354	layer2	edge	shared.name	rn:R03319	inhibitor	ec:5.4.2.2
layer3	node	KEGG_ID	C00354	layer2	edge	shared.name	rn:R00959	inhibitor	ec:5.4.2.2
layer3	node	KEGG_ID	C00354	layer2	edge	shared.name	rn:R08639	inhibitor	ec:5.4.2.2
layer3	node	KEGG_ID	C00085	layer2	edge	shared.name	rn:R07324	inhibitor	ec:5.5.1.4
layer3	node	KEGG_ID	C00092	layer2	edge	shared.name	rn:R07324	inhibitor	ec:5.5.1.4
layer3	node	KEGG_ID	C00249	layer2	edge	shared.name	rn:R00390	inhibitor	ec:6.2.1.3
layer3	node	KEGG_ID	C00249	layer2	edge	shared.name	rn:R01280	inhibitor	ec:6.2.1.3
layer3	node	KEGG_ID	C01595	layer2	edge	shared.name	rn:R00390	inhibitor	ec:6.2.1.3
layer3	node	KEGG_ID	C01595	layer2	edge	shared.name	rn:R01280	inhibitor	ec:6.2.1.3
layer3	node	KEGG_ID	C00026	layer2	edge	shared.name	rn:R02404	inhibitor	ec:6.2.1.5
layer3	node	KEGG_ID	C00026	layer2	edge	shared.name	rn:R00405	inhibitor	ec:6.2.1.5
layer3	node	KEGG_ID	C00025	layer2	edge	shared.name	rn:R00253	activator	ec:6.3.1.2
layer3	node	KEGG_ID	C00041	layer2	edge	shared.name	rn:R00253	inhibitor	ec:6.3.1.2
layer3	node	KEGG_ID	C00217	layer2	edge	shared.name	rn:R10993	inhibitor	ec:6.3.2.2
layer3	node	KEGG_ID	C00217	layer2	edge	shared.name	rn:R00894	inhibitor	ec:6.3.2.2
layer3	node	KEGG_ID	C00354	layer2	edge	shared.name	rn:R01135	inhibitor	ec:6.3.4.4
layer3	node	KEGG_ID	C00402	layer2	edge	shared.name	rn:R01954	inhibitor	ec:6.3.4.5
layer3	node	KEGG_ID	C00025	layer2	edge	shared.name	rn:R04463	inhibitor	ec:6.3.5.3
layer3	node	KEGG_ID	C00025	layer2	edge	shared.name	rn:R00578	inhibitor	ec:6.3.5.4
layer3	node	KEGG_ID	C00025	layer2	edge	shared.name	rn:R00256	inhibitor	ec:6.3.5.4
layer3	node	KEGG_ID	C00025	layer2	edge	shared.name	rn:R00483	inhibitor	ec:6.3.5.4
layer3	node	KEGG_ID	C00149	layer2	edge	shared.name	rn:R00578	inhibitor	ec:6.3.5.4
layer3	node	KEGG_ID	C00149	layer2	edge	shared.name	rn:R00256	inhibitor	ec:6.3.5.4
layer3	node	KEGG_ID	C00149	layer2	edge	shared.name	rn:R00483	inhibitor	ec:6.3.5.4
layer3	node	KEGG_ID	C00402	layer2	edge	shared.name	rn:R00578	inhibitor	ec:6.3.5.4
layer3	node	KEGG_ID	C00402	layer2	edge	shared.name	rn:R00256	inhibitor	ec:6.3.5.4
layer3	node	KEGG_ID	C00402	layer2	edge	shared.name	rn:R00483	inhibitor	ec:6.3.5.4
layer3	node	KEGG_ID	C00025	layer2	edge	shared.name	rn:R07641	inhibitor	ec:6.3.5.5
layer3	node	KEGG_ID	C00025	layer2	edge	shared.name	rn:R00575	inhibitor	ec:6.3.5.5
layer3	node	KEGG_ID	C00025	layer2	edge	shared.name	rn:R00256	inhibitor	ec:6.3.5.5
layer3	node	KEGG_ID	C00025	layer2	edge	shared.name	rn:R10948	inhibitor	ec:6.3.5.5
layer3	node	KEGG_ID	C00025	layer2	edge	shared.name	rn:R10949	inhibitor	ec:6.3.5.5
layer3	node	KEGG_ID	C00025	layer2	edge	shared.name	rn:R01395	inhibitor	ec:6.3.5.5
layer3	node	KEGG_ID	C00041	layer2	edge	shared.name	rn:R07641	inhibitor	ec:6.3.5.5
layer3	node	KEGG_ID	C00041	layer2	edge	shared.name	rn:R00575	inhibitor	ec:6.3.5.5
layer3	node	KEGG_ID	C00041	layer2	edge	shared.name	rn:R00256	inhibitor	ec:6.3.5.5
layer3	node	KEGG_ID	C00041	layer2	edge	shared.name	rn:R10948	inhibitor	ec:6.3.5.5
layer3	node	KEGG_ID	C00041	layer2	edge	shared.name	rn:R10949	inhibitor	ec:6.3.5.5
layer3	node	KEGG_ID	C00041	layer2	edge	shared.name	rn:R01395	inhibitor	ec:6.3.5.5
layer3	node	KEGG_ID	C00134	layer2	edge	shared.name	rn:R07641	inhibitor	ec:6.3.5.5
layer3	node	KEGG_ID	C00134	layer2	edge	shared.name	rn:R00575	inhibitor	ec:6.3.5.5
layer3	node	KEGG_ID	C00134	layer2	edge	shared.name	rn:R00256	inhibitor	ec:6.3.5.5
layer3	node	KEGG_ID	C00134	layer2	edge	shared.name	rn:R10948	inhibitor	ec:6.3.5.5
layer3	node	KEGG_ID	C00134	layer2	edge	shared.name	rn:R10949	inhibitor	ec:6.3.5.5
layer3	node	KEGG_ID	C00134	layer2	edge	shared.name	rn:R01395	inhibitor	ec:6.3.5.5
