layer3	KEGG_ID	C00149	layer2	shared.name	rn:R07136	allosteric_activator	ec:1.1.1.37
layer3	KEGG_ID	C00149	layer2	shared.name	rn:R00342	allosteric_activator	ec:1.1.1.37
layer3	KEGG_ID	C00149	layer2	shared.name	rn:R07136	allosteric_inhibitor	ec:1.1.1.37
layer3	KEGG_ID	C00149	layer2	shared.name	rn:R00342	allosteric_inhibitor	ec:1.1.1.37
layer3	KEGG_ID	C00354	layer2	shared.name	rn:R07136	allosteric_inhibitor	ec:1.1.1.37
layer3	KEGG_ID	C00354	layer2	shared.name	rn:R00342	allosteric_inhibitor	ec:1.1.1.37
layer3	KEGG_ID	C00122	layer2	shared.name	rn:R00216	allosteric_activator	ec:1.1.1.40
layer3	KEGG_ID	C00122	layer2	shared.name	rn:R00217	allosteric_activator	ec:1.1.1.40
layer3	KEGG_ID	C00711	layer2	shared.name	rn:R00216	allosteric_inhibitor	ec:1.1.1.40
layer3	KEGG_ID	C00711	layer2	shared.name	rn:R00217	allosteric_inhibitor	ec:1.1.1.40
layer3	KEGG_ID	C00026	layer2	shared.name	rn:R00267	allosteric_inhibitor	ec:1.1.1.42
layer3	KEGG_ID	C00026	layer2	shared.name	rn:R01899	allosteric_inhibitor	ec:1.1.1.42
layer3	KEGG_ID	C00026	layer2	shared.name	rn:R00268	allosteric_inhibitor	ec:1.1.1.42
layer3	KEGG_ID	C00158	layer2	shared.name	rn:R00267	allosteric_inhibitor	ec:1.1.1.42
layer3	KEGG_ID	C00158	layer2	shared.name	rn:R01899	allosteric_inhibitor	ec:1.1.1.42
layer3	KEGG_ID	C00158	layer2	shared.name	rn:R00268	allosteric_inhibitor	ec:1.1.1.42
layer3	KEGG_ID	C00311	layer2	shared.name	rn:R00267	allosteric_inhibitor	ec:1.1.1.42
layer3	KEGG_ID	C00311	layer2	shared.name	rn:R01899	allosteric_inhibitor	ec:1.1.1.42
layer3	KEGG_ID	C00311	layer2	shared.name	rn:R00268	allosteric_inhibitor	ec:1.1.1.42
layer3	KEGG_ID	C00026	layer2	shared.name	rn:R02397	allosteric_inhibitor	ec:1.14.11.1
layer3	KEGG_ID	C00026	layer2	shared.name	rn:R03451	allosteric_activator	ec:1.14.11.8
layer3	KEGG_ID	C00158	layer2	shared.name	rn:R03451	allosteric_inhibitor	ec:1.14.11.8
layer3	KEGG_ID	C00311	layer2	shared.name	rn:R03451	allosteric_inhibitor	ec:1.14.11.8
layer3	KEGG_ID	C00412	layer2	shared.name	rn:R12173	allosteric_inhibitor	ec:1.14.19.1
layer3	KEGG_ID	C00412	layer2	shared.name	rn:R02222	allosteric_inhibitor	ec:1.14.19.1
layer3	KEGG_ID	C00510	layer2	shared.name	rn:R12173	allosteric_inhibitor	ec:1.14.19.1
layer3	KEGG_ID	C00510	layer2	shared.name	rn:R02222	allosteric_inhibitor	ec:1.14.19.1
layer3	KEGG_ID	C00719	layer2	shared.name	rn:R02566	allosteric_inhibitor	ec:1.2.1.8
layer3	KEGG_ID	C00719	layer2	shared.name	rn:R02565	allosteric_inhibitor	ec:1.2.1.8
layer3	KEGG_ID	C00026	layer2	shared.name	rn:R00621	allosteric_inhibitor	ec:1.2.4.2
layer3	KEGG_ID	C00026	layer2	shared.name	rn:R01933	allosteric_inhibitor	ec:1.2.4.2
layer3	KEGG_ID	C00026	layer2	shared.name	rn:R01940	allosteric_inhibitor	ec:1.2.4.2
layer3	KEGG_ID	C00026	layer2	shared.name	rn:R03316	allosteric_inhibitor	ec:1.2.4.2
layer3	KEGG_ID	C00026	layer2	shared.name	rn:R01700	allosteric_inhibitor	ec:1.2.4.2
layer3	KEGG_ID	C00091	layer2	shared.name	rn:R02164	allosteric_activator	ec:1.3.5.1
layer3	KEGG_ID	C00122	layer2	shared.name	rn:R02164	allosteric_activator	ec:1.3.5.1
layer3	KEGG_ID	C00122	layer2	shared.name	rn:R02164	allosteric_inhibitor	ec:1.3.5.1
layer3	KEGG_ID	C00025	layer2	shared.name	rn:R00145	allosteric_inhibitor	ec:1.4.1.3
layer3	KEGG_ID	C00025	layer2	shared.name	rn:R00146	allosteric_inhibitor	ec:1.4.1.3
layer3	KEGG_ID	C00025	layer2	shared.name	rn:R00243	allosteric_inhibitor	ec:1.4.1.3
layer3	KEGG_ID	C00025	layer2	shared.name	rn:R00248	allosteric_inhibitor	ec:1.4.1.3
layer3	KEGG_ID	C00026	layer2	shared.name	rn:R00145	allosteric_inhibitor	ec:1.4.1.3
layer3	KEGG_ID	C00026	layer2	shared.name	rn:R00146	allosteric_inhibitor	ec:1.4.1.3
layer3	KEGG_ID	C00026	layer2	shared.name	rn:R00243	allosteric_inhibitor	ec:1.4.1.3
layer3	KEGG_ID	C00026	layer2	shared.name	rn:R00248	allosteric_inhibitor	ec:1.4.1.3
layer3	KEGG_ID	C00122	layer2	shared.name	rn:R00145	allosteric_inhibitor	ec:1.4.1.3
layer3	KEGG_ID	C00122	layer2	shared.name	rn:R00146	allosteric_inhibitor	ec:1.4.1.3
layer3	KEGG_ID	C00122	layer2	shared.name	rn:R00243	allosteric_inhibitor	ec:1.4.1.3
layer3	KEGG_ID	C00122	layer2	shared.name	rn:R00248	allosteric_inhibitor	ec:1.4.1.3
layer3	KEGG_ID	C00217	layer2	shared.name	rn:R06124	allosteric_activator	ec:1.4.3.1
layer3	KEGG_ID	C00217	layer2	shared.name	rn:R00359	allosteric_activator	ec:1.4.3.1
layer3	KEGG_ID	C00402	layer2	shared.name	rn:R06124	allosteric_activator	ec:1.4.3.1
layer3	KEGG_ID	C00402	layer2	shared.name	rn:R00359	allosteric_activator	ec:1.4.3.1
layer3	KEGG_ID	C00711	layer2	shared.name	rn:R06124	allosteric_inhibitor	ec:1.4.3.1
layer3	KEGG_ID	C00711	layer2	shared.name	rn:R00359	allosteric_inhibitor	ec:1.4.3.1
layer3	KEGG_ID	C00025	layer2	shared.name	rn:R00716	allosteric_inhibitor	ec:1.5.1.8
layer3	KEGG_ID	C00077	layer2	shared.name	rn:R00716	allosteric_inhibitor	ec:1.5.1.8
layer3	KEGG_ID	C01602	layer2	shared.name	rn:R00716	allosteric_inhibitor	ec:1.5.1.8
layer3	KEGG_ID	C00025	layer2	shared.name	rn:R02313	allosteric_inhibitor	ec:1.5.1.9
layer3	KEGG_ID	C00021	layer2	shared.name	rn:R01269	allosteric_inhibitor	ec:2.1.1.1
layer3	KEGG_ID	C00021	layer2	shared.name	rn:R04496	allosteric_inhibitor	ec:2.1.1.100
layer3	KEGG_ID	C00021	layer2	shared.name	rn:R02056	allosteric_inhibitor	ec:2.1.1.17
layer3	KEGG_ID	C00021	layer2	shared.name	rn:R01883	allosteric_inhibitor	ec:2.1.1.2
layer3	KEGG_ID	C00021	layer2	shared.name	rn:R00367	allosteric_inhibitor	ec:2.1.1.20
layer3	KEGG_ID	C00021	layer2	shared.name	rn:R02533	allosteric_inhibitor	ec:2.1.1.28
layer3	KEGG_ID	C00021	layer2	shared.name	rn:R04033	allosteric_inhibitor	ec:2.1.1.28
layer3	KEGG_ID	C00021	layer2	shared.name	rn:R00380	allosteric_inhibitor	ec:2.1.1.37
layer3	KEGG_ID	C00021	layer2	shared.name	rn:R04858	allosteric_inhibitor	ec:2.1.1.37
layer3	KEGG_ID	C00134	layer2	shared.name	rn:R00380	allosteric_inhibitor	ec:2.1.1.37
layer3	KEGG_ID	C00134	layer2	shared.name	rn:R04858	allosteric_inhibitor	ec:2.1.1.37
layer3	KEGG_ID	C00021	layer2	shared.name	rn:R04905	allosteric_inhibitor	ec:2.1.1.4
layer3	KEGG_ID	C00021	layer2	shared.name	rn:R03130	allosteric_inhibitor	ec:2.1.1.4
layer3	KEGG_ID	C00025	layer2	shared.name	rn:R04905	allosteric_inhibitor	ec:2.1.1.4
layer3	KEGG_ID	C00025	layer2	shared.name	rn:R03130	allosteric_inhibitor	ec:2.1.1.4
layer3	KEGG_ID	C00719	layer2	shared.name	rn:R02821	allosteric_activator	ec:2.1.1.5
layer3	KEGG_ID	C00021	layer2	shared.name	rn:R02821	allosteric_inhibitor	ec:2.1.1.5
layer3	KEGG_ID	C00049	layer2	shared.name	rn:R02821	allosteric_inhibitor	ec:2.1.1.5
layer3	KEGG_ID	C16433	layer2	shared.name	rn:R02821	allosteric_inhibitor	ec:2.1.1.5
layer3	KEGG_ID	C00021	layer2	shared.name	rn:R03922	allosteric_inhibitor	ec:2.1.1.57
layer3	KEGG_ID	C00021	layer2	shared.name	rn:R00827	allosteric_inhibitor	ec:2.1.1.6
layer3	KEGG_ID	C00021	layer2	shared.name	rn:R02534	allosteric_inhibitor	ec:2.1.1.6
layer3	KEGG_ID	C00021	layer2	shared.name	rn:R02920	allosteric_inhibitor	ec:2.1.1.6
layer3	KEGG_ID	C00021	layer2	shared.name	rn:R03304	allosteric_inhibitor	ec:2.1.1.6
layer3	KEGG_ID	C00021	layer2	shared.name	rn:R04301	allosteric_inhibitor	ec:2.1.1.6
layer3	KEGG_ID	C00021	layer2	shared.name	rn:R04762	allosteric_inhibitor	ec:2.1.1.6
layer3	KEGG_ID	C00021	layer2	shared.name	rn:R04764	allosteric_inhibitor	ec:2.1.1.6
layer3	KEGG_ID	C00021	layer2	shared.name	rn:R04881	allosteric_inhibitor	ec:2.1.1.6
layer3	KEGG_ID	C00021	layer2	shared.name	rn:R04887	allosteric_inhibitor	ec:2.1.1.6
layer3	KEGG_ID	C00021	layer2	shared.name	rn:R07330	allosteric_inhibitor	ec:2.1.1.6
layer3	KEGG_ID	C00021	layer2	shared.name	rn:R03701	allosteric_inhibitor	ec:2.1.1.67
layer3	KEGG_ID	C00021	layer2	shared.name	rn:R08236	allosteric_inhibitor	ec:2.1.1.67
layer3	KEGG_ID	C00021	layer2	shared.name	rn:R08239	allosteric_inhibitor	ec:2.1.1.67
layer3	KEGG_ID	C00021	layer2	shared.name	rn:R08246	allosteric_inhibitor	ec:2.1.1.67
layer3	KEGG_ID	C00021	layer2	shared.name	rn:R04190	allosteric_inhibitor	ec:2.1.1.77
layer3	KEGG_ID	C00021	layer2	shared.name	rn:R02155	allosteric_inhibitor	ec:2.1.1.8
layer3	KEGG_ID	C00021	layer2	shared.name	rn:R09370	allosteric_inhibitor	ec:2.1.1.96
layer3	KEGG_ID	C00021	layer2	shared.name	rn:R02572	allosteric_inhibitor	ec:2.1.1.96
layer3	KEGG_ID	C00025	layer2	shared.name	rn:R03189	allosteric_inhibitor	ec:2.1.2.5
layer3	KEGG_ID	C00025	layer2	shared.name	rn:R02287	allosteric_inhibitor	ec:2.1.2.5
layer3	KEGG_ID	C00049	layer2	shared.name	rn:R03189	allosteric_inhibitor	ec:2.1.2.5
layer3	KEGG_ID	C00049	layer2	shared.name	rn:R02287	allosteric_inhibitor	ec:2.1.2.5
layer3	KEGG_ID	C00122	layer2	shared.name	rn:R03189	allosteric_inhibitor	ec:2.1.2.5
layer3	KEGG_ID	C00122	layer2	shared.name	rn:R02287	allosteric_inhibitor	ec:2.1.2.5
layer3	KEGG_ID	C00158	layer2	shared.name	rn:R03189	allosteric_inhibitor	ec:2.1.2.5
layer3	KEGG_ID	C00158	layer2	shared.name	rn:R02287	allosteric_inhibitor	ec:2.1.2.5
layer3	KEGG_ID	C00217	layer2	shared.name	rn:R03189	allosteric_inhibitor	ec:2.1.2.5
layer3	KEGG_ID	C00217	layer2	shared.name	rn:R02287	allosteric_inhibitor	ec:2.1.2.5
layer3	KEGG_ID	C16433	layer2	shared.name	rn:R03189	allosteric_inhibitor	ec:2.1.2.5
layer3	KEGG_ID	C16433	layer2	shared.name	rn:R02287	allosteric_inhibitor	ec:2.1.2.5
layer3	KEGG_ID	C00041	layer2	shared.name	rn:R01398	allosteric_inhibitor	ec:2.1.3.3
layer3	KEGG_ID	C00077	layer2	shared.name	rn:R01398	allosteric_inhibitor	ec:2.1.3.3
layer3	KEGG_ID	C01602	layer2	shared.name	rn:R01398	allosteric_inhibitor	ec:2.1.3.3
layer3	KEGG_ID	C00077	layer2	shared.name	rn:R01686	allosteric_inhibitor	ec:2.1.4.1
layer3	KEGG_ID	C00077	layer2	shared.name	rn:R01989	allosteric_inhibitor	ec:2.1.4.1
layer3	KEGG_ID	C00077	layer2	shared.name	rn:R00565	allosteric_inhibitor	ec:2.1.4.1
layer3	KEGG_ID	C01602	layer2	shared.name	rn:R01686	allosteric_inhibitor	ec:2.1.4.1
layer3	KEGG_ID	C01602	layer2	shared.name	rn:R01989	allosteric_inhibitor	ec:2.1.4.1
layer3	KEGG_ID	C01602	layer2	shared.name	rn:R00565	allosteric_inhibitor	ec:2.1.4.1
layer3	KEGG_ID	C00091	layer2	shared.name	rn:R01923	allosteric_inhibitor	ec:2.3.1.21
layer3	KEGG_ID	C02990	layer2	shared.name	rn:R01923	allosteric_inhibitor	ec:2.3.1.21
layer3	KEGG_ID	C00026	layer2	shared.name	rn:R00830	allosteric_inhibitor	ec:2.3.1.37
layer3	KEGG_ID	C00091	layer2	shared.name	rn:R00830	allosteric_inhibitor	ec:2.3.1.37
layer3	KEGG_ID	C00302	layer2	shared.name	rn:R03916	allosteric_inhibitor	ec:2.3.2.2
layer3	KEGG_ID	C00302	layer2	shared.name	rn:R03970	allosteric_inhibitor	ec:2.3.2.2
layer3	KEGG_ID	C00302	layer2	shared.name	rn:R03971	allosteric_inhibitor	ec:2.3.2.2
layer3	KEGG_ID	C00302	layer2	shared.name	rn:R01262	allosteric_inhibitor	ec:2.3.2.2
layer3	KEGG_ID	C00302	layer2	shared.name	rn:R01687	allosteric_inhibitor	ec:2.3.2.2
layer3	KEGG_ID	C00302	layer2	shared.name	rn:R03867	allosteric_inhibitor	ec:2.3.2.2
layer3	KEGG_ID	C00302	layer2	shared.name	rn:R04159	allosteric_inhibitor	ec:2.3.2.2
layer3	KEGG_ID	C00302	layer2	shared.name	rn:R04935	allosteric_inhibitor	ec:2.3.2.2
layer3	KEGG_ID	C00149	layer2	shared.name	rn:R00351	allosteric_inhibitor	ec:2.3.3.1
layer3	KEGG_ID	C00074	layer2	shared.name	rn:R00352	allosteric_activator	ec:2.3.3.8
layer3	KEGG_ID	C00085	layer2	shared.name	rn:R00352	allosteric_activator	ec:2.3.3.8
layer3	KEGG_ID	C00092	layer2	shared.name	rn:R00352	allosteric_activator	ec:2.3.3.8
layer3	KEGG_ID	C00354	layer2	shared.name	rn:R00352	allosteric_activator	ec:2.3.3.8
layer3	KEGG_ID	C00665	layer2	shared.name	rn:R00352	allosteric_activator	ec:2.3.3.8
layer3	KEGG_ID	C00025	layer2	shared.name	rn:R00352	allosteric_inhibitor	ec:2.3.3.8
layer3	KEGG_ID	C00092	layer2	shared.name	rn:R02111	allosteric_inhibitor	ec:2.4.1.1
layer3	KEGG_ID	C00092	layer2	shared.name	rn:R06050	allosteric_inhibitor	ec:2.4.1.1
layer3	KEGG_ID	C00092	layer2	shared.name	rn:R06185	allosteric_inhibitor	ec:2.4.1.1
layer3	KEGG_ID	C00092	layer2	shared.name	rn:R01821	allosteric_inhibitor	ec:2.4.1.1
layer3	KEGG_ID	C00025	layer2	shared.name	rn:R06051	allosteric_activator	ec:2.4.1.11
layer3	KEGG_ID	C00025	layer2	shared.name	rn:R00292	allosteric_activator	ec:2.4.1.11
layer3	KEGG_ID	C00049	layer2	shared.name	rn:R06051	allosteric_activator	ec:2.4.1.11
layer3	KEGG_ID	C00049	layer2	shared.name	rn:R00292	allosteric_activator	ec:2.4.1.11
layer3	KEGG_ID	C00092	layer2	shared.name	rn:R06051	allosteric_activator	ec:2.4.1.11
layer3	KEGG_ID	C00092	layer2	shared.name	rn:R00292	allosteric_activator	ec:2.4.1.11
layer3	KEGG_ID	C16433	layer2	shared.name	rn:R06051	allosteric_activator	ec:2.4.1.11
layer3	KEGG_ID	C16433	layer2	shared.name	rn:R00292	allosteric_activator	ec:2.4.1.11
layer3	KEGG_ID	C00711	layer2	shared.name	rn:R00694	allosteric_activator	ec:2.6.1.1
layer3	KEGG_ID	C00711	layer2	shared.name	rn:R00734	allosteric_activator	ec:2.6.1.1
layer3	KEGG_ID	C00711	layer2	shared.name	rn:R00895	allosteric_activator	ec:2.6.1.1
layer3	KEGG_ID	C00711	layer2	shared.name	rn:R00896	allosteric_activator	ec:2.6.1.1
layer3	KEGG_ID	C00711	layer2	shared.name	rn:R02433	allosteric_activator	ec:2.6.1.1
layer3	KEGG_ID	C00711	layer2	shared.name	rn:R02619	allosteric_activator	ec:2.6.1.1
layer3	KEGG_ID	C00711	layer2	shared.name	rn:R05052	allosteric_activator	ec:2.6.1.1
layer3	KEGG_ID	C00711	layer2	shared.name	rn:R00355	allosteric_activator	ec:2.6.1.1
layer3	KEGG_ID	C00025	layer2	shared.name	rn:R00694	allosteric_inhibitor	ec:2.6.1.1
layer3	KEGG_ID	C00025	layer2	shared.name	rn:R00734	allosteric_inhibitor	ec:2.6.1.1
layer3	KEGG_ID	C00025	layer2	shared.name	rn:R00895	allosteric_inhibitor	ec:2.6.1.1
layer3	KEGG_ID	C00025	layer2	shared.name	rn:R00896	allosteric_inhibitor	ec:2.6.1.1
layer3	KEGG_ID	C00025	layer2	shared.name	rn:R02433	allosteric_inhibitor	ec:2.6.1.1
layer3	KEGG_ID	C00025	layer2	shared.name	rn:R02619	allosteric_inhibitor	ec:2.6.1.1
layer3	KEGG_ID	C00025	layer2	shared.name	rn:R05052	allosteric_inhibitor	ec:2.6.1.1
layer3	KEGG_ID	C00025	layer2	shared.name	rn:R00355	allosteric_inhibitor	ec:2.6.1.1
layer3	KEGG_ID	C00026	layer2	shared.name	rn:R00694	allosteric_inhibitor	ec:2.6.1.1
layer3	KEGG_ID	C00026	layer2	shared.name	rn:R00734	allosteric_inhibitor	ec:2.6.1.1
layer3	KEGG_ID	C00026	layer2	shared.name	rn:R00895	allosteric_inhibitor	ec:2.6.1.1
layer3	KEGG_ID	C00026	layer2	shared.name	rn:R00896	allosteric_inhibitor	ec:2.6.1.1
layer3	KEGG_ID	C00026	layer2	shared.name	rn:R02433	allosteric_inhibitor	ec:2.6.1.1
layer3	KEGG_ID	C00026	layer2	shared.name	rn:R02619	allosteric_inhibitor	ec:2.6.1.1
layer3	KEGG_ID	C00026	layer2	shared.name	rn:R05052	allosteric_inhibitor	ec:2.6.1.1
layer3	KEGG_ID	C00026	layer2	shared.name	rn:R00355	allosteric_inhibitor	ec:2.6.1.1
layer3	KEGG_ID	C00049	layer2	shared.name	rn:R00694	allosteric_inhibitor	ec:2.6.1.1
layer3	KEGG_ID	C00049	layer2	shared.name	rn:R00734	allosteric_inhibitor	ec:2.6.1.1
layer3	KEGG_ID	C00049	layer2	shared.name	rn:R00895	allosteric_inhibitor	ec:2.6.1.1
layer3	KEGG_ID	C00049	layer2	shared.name	rn:R00896	allosteric_inhibitor	ec:2.6.1.1
layer3	KEGG_ID	C00049	layer2	shared.name	rn:R02433	allosteric_inhibitor	ec:2.6.1.1
layer3	KEGG_ID	C00049	layer2	shared.name	rn:R02619	allosteric_inhibitor	ec:2.6.1.1
layer3	KEGG_ID	C00049	layer2	shared.name	rn:R05052	allosteric_inhibitor	ec:2.6.1.1
layer3	KEGG_ID	C00049	layer2	shared.name	rn:R00355	allosteric_inhibitor	ec:2.6.1.1
layer3	KEGG_ID	C00122	layer2	shared.name	rn:R00694	allosteric_inhibitor	ec:2.6.1.1
layer3	KEGG_ID	C00122	layer2	shared.name	rn:R00734	allosteric_inhibitor	ec:2.6.1.1
layer3	KEGG_ID	C00122	layer2	shared.name	rn:R00895	allosteric_inhibitor	ec:2.6.1.1
layer3	KEGG_ID	C00122	layer2	shared.name	rn:R00896	allosteric_inhibitor	ec:2.6.1.1
layer3	KEGG_ID	C00122	layer2	shared.name	rn:R02433	allosteric_inhibitor	ec:2.6.1.1
layer3	KEGG_ID	C00122	layer2	shared.name	rn:R02619	allosteric_inhibitor	ec:2.6.1.1
layer3	KEGG_ID	C00122	layer2	shared.name	rn:R05052	allosteric_inhibitor	ec:2.6.1.1
layer3	KEGG_ID	C00122	layer2	shared.name	rn:R00355	allosteric_inhibitor	ec:2.6.1.1
layer3	KEGG_ID	C00249	layer2	shared.name	rn:R00694	allosteric_inhibitor	ec:2.6.1.1
layer3	KEGG_ID	C00249	layer2	shared.name	rn:R00734	allosteric_inhibitor	ec:2.6.1.1
layer3	KEGG_ID	C00249	layer2	shared.name	rn:R00895	allosteric_inhibitor	ec:2.6.1.1
layer3	KEGG_ID	C00249	layer2	shared.name	rn:R00896	allosteric_inhibitor	ec:2.6.1.1
layer3	KEGG_ID	C00249	layer2	shared.name	rn:R02433	allosteric_inhibitor	ec:2.6.1.1
layer3	KEGG_ID	C00249	layer2	shared.name	rn:R02619	allosteric_inhibitor	ec:2.6.1.1
layer3	KEGG_ID	C00249	layer2	shared.name	rn:R05052	allosteric_inhibitor	ec:2.6.1.1
layer3	KEGG_ID	C00249	layer2	shared.name	rn:R00355	allosteric_inhibitor	ec:2.6.1.1
layer3	KEGG_ID	C00311	layer2	shared.name	rn:R00694	allosteric_inhibitor	ec:2.6.1.1
layer3	KEGG_ID	C00311	layer2	shared.name	rn:R00734	allosteric_inhibitor	ec:2.6.1.1
layer3	KEGG_ID	C00311	layer2	shared.name	rn:R00895	allosteric_inhibitor	ec:2.6.1.1
layer3	KEGG_ID	C00311	layer2	shared.name	rn:R00896	allosteric_inhibitor	ec:2.6.1.1
layer3	KEGG_ID	C00311	layer2	shared.name	rn:R02433	allosteric_inhibitor	ec:2.6.1.1
layer3	KEGG_ID	C00311	layer2	shared.name	rn:R02619	allosteric_inhibitor	ec:2.6.1.1
layer3	KEGG_ID	C00311	layer2	shared.name	rn:R05052	allosteric_inhibitor	ec:2.6.1.1
layer3	KEGG_ID	C00311	layer2	shared.name	rn:R00355	allosteric_inhibitor	ec:2.6.1.1
layer3	KEGG_ID	C00711	layer2	shared.name	rn:R00694	allosteric_inhibitor	ec:2.6.1.1
layer3	KEGG_ID	C00711	layer2	shared.name	rn:R00734	allosteric_inhibitor	ec:2.6.1.1
layer3	KEGG_ID	C00711	layer2	shared.name	rn:R00895	allosteric_inhibitor	ec:2.6.1.1
layer3	KEGG_ID	C00711	layer2	shared.name	rn:R00896	allosteric_inhibitor	ec:2.6.1.1
layer3	KEGG_ID	C00711	layer2	shared.name	rn:R02433	allosteric_inhibitor	ec:2.6.1.1
layer3	KEGG_ID	C00711	layer2	shared.name	rn:R02619	allosteric_inhibitor	ec:2.6.1.1
layer3	KEGG_ID	C00711	layer2	shared.name	rn:R05052	allosteric_inhibitor	ec:2.6.1.1
layer3	KEGG_ID	C00711	layer2	shared.name	rn:R00355	allosteric_inhibitor	ec:2.6.1.1
layer3	KEGG_ID	C16433	layer2	shared.name	rn:R00694	allosteric_inhibitor	ec:2.6.1.1
layer3	KEGG_ID	C16433	layer2	shared.name	rn:R00734	allosteric_inhibitor	ec:2.6.1.1
layer3	KEGG_ID	C16433	layer2	shared.name	rn:R00895	allosteric_inhibitor	ec:2.6.1.1
layer3	KEGG_ID	C16433	layer2	shared.name	rn:R00896	allosteric_inhibitor	ec:2.6.1.1
layer3	KEGG_ID	C16433	layer2	shared.name	rn:R02433	allosteric_inhibitor	ec:2.6.1.1
layer3	KEGG_ID	C16433	layer2	shared.name	rn:R02619	allosteric_inhibitor	ec:2.6.1.1
layer3	KEGG_ID	C16433	layer2	shared.name	rn:R05052	allosteric_inhibitor	ec:2.6.1.1
layer3	KEGG_ID	C16433	layer2	shared.name	rn:R00355	allosteric_inhibitor	ec:2.6.1.1
layer3	KEGG_ID	C00026	layer2	shared.name	rn:R00668	allosteric_inhibitor	ec:2.6.1.13
layer3	KEGG_ID	C00026	layer2	shared.name	rn:R00667	allosteric_inhibitor	ec:2.6.1.13
layer3	KEGG_ID	C00026	layer2	shared.name	rn:R01343	allosteric_inhibitor	ec:2.6.1.13
layer3	KEGG_ID	C00077	layer2	shared.name	rn:R00668	allosteric_inhibitor	ec:2.6.1.13
layer3	KEGG_ID	C00077	layer2	shared.name	rn:R00667	allosteric_inhibitor	ec:2.6.1.13
layer3	KEGG_ID	C00077	layer2	shared.name	rn:R01343	allosteric_inhibitor	ec:2.6.1.13
layer3	KEGG_ID	C00134	layer2	shared.name	rn:R00668	allosteric_inhibitor	ec:2.6.1.13
layer3	KEGG_ID	C00134	layer2	shared.name	rn:R00667	allosteric_inhibitor	ec:2.6.1.13
layer3	KEGG_ID	C00134	layer2	shared.name	rn:R01343	allosteric_inhibitor	ec:2.6.1.13
layer3	KEGG_ID	C01602	layer2	shared.name	rn:R00668	allosteric_inhibitor	ec:2.6.1.13
layer3	KEGG_ID	C01602	layer2	shared.name	rn:R00667	allosteric_inhibitor	ec:2.6.1.13
layer3	KEGG_ID	C01602	layer2	shared.name	rn:R01343	allosteric_inhibitor	ec:2.6.1.13
layer3	KEGG_ID	C00354	layer2	shared.name	rn:R00768	allosteric_inhibitor	ec:2.6.1.16
layer3	KEGG_ID	C00025	layer2	shared.name	rn:R00908	allosteric_inhibitor	ec:2.6.1.19
layer3	KEGG_ID	C00025	layer2	shared.name	rn:R01648	allosteric_inhibitor	ec:2.6.1.19
layer3	KEGG_ID	C00026	layer2	shared.name	rn:R00908	allosteric_inhibitor	ec:2.6.1.19
layer3	KEGG_ID	C00026	layer2	shared.name	rn:R01648	allosteric_inhibitor	ec:2.6.1.19
layer3	KEGG_ID	C00122	layer2	shared.name	rn:R00258	allosteric_inhibitor	ec:2.6.1.2
layer3	KEGG_ID	C00133	layer2	shared.name	rn:R00258	allosteric_inhibitor	ec:2.6.1.2
layer3	KEGG_ID	C00158	layer2	shared.name	rn:R00258	allosteric_inhibitor	ec:2.6.1.2
layer3	KEGG_ID	C00026	layer2	shared.name	rn:R04188	allosteric_inhibitor	ec:2.6.1.22
layer3	KEGG_ID	C00041	layer2	shared.name	rn:R02050	allosteric_inhibitor	ec:2.6.1.40
layer3	KEGG_ID	C00133	layer2	shared.name	rn:R00372	allosteric_inhibitor	ec:2.6.1.44
layer3	KEGG_ID	C00133	layer2	shared.name	rn:R10992	allosteric_inhibitor	ec:2.6.1.44
layer3	KEGG_ID	C00133	layer2	shared.name	rn:R00369	allosteric_inhibitor	ec:2.6.1.44
layer3	KEGG_ID	C00025	layer2	shared.name	rn:R00694	allosteric_inhibitor	ec:2.6.1.5
layer3	KEGG_ID	C00025	layer2	shared.name	rn:R07396	allosteric_inhibitor	ec:2.6.1.5
layer3	KEGG_ID	C00025	layer2	shared.name	rn:R00734	allosteric_inhibitor	ec:2.6.1.5
layer3	KEGG_ID	C00049	layer2	shared.name	rn:R00694	allosteric_inhibitor	ec:2.6.1.5
layer3	KEGG_ID	C00049	layer2	shared.name	rn:R07396	allosteric_inhibitor	ec:2.6.1.5
layer3	KEGG_ID	C00049	layer2	shared.name	rn:R00734	allosteric_inhibitor	ec:2.6.1.5
layer3	KEGG_ID	C00402	layer2	shared.name	rn:R00694	allosteric_inhibitor	ec:2.6.1.5
layer3	KEGG_ID	C00402	layer2	shared.name	rn:R07396	allosteric_inhibitor	ec:2.6.1.5
layer3	KEGG_ID	C00402	layer2	shared.name	rn:R00734	allosteric_inhibitor	ec:2.6.1.5
layer3	KEGG_ID	C16433	layer2	shared.name	rn:R00694	allosteric_inhibitor	ec:2.6.1.5
layer3	KEGG_ID	C16433	layer2	shared.name	rn:R07396	allosteric_inhibitor	ec:2.6.1.5
layer3	KEGG_ID	C16433	layer2	shared.name	rn:R00734	allosteric_inhibitor	ec:2.6.1.5
layer3	KEGG_ID	C00025	layer2	shared.name	rn:R04173	allosteric_inhibitor	ec:2.6.1.52
layer3	KEGG_ID	C00025	layer2	shared.name	rn:R05085	allosteric_inhibitor	ec:2.6.1.52
layer3	KEGG_ID	C00026	layer2	shared.name	rn:R04173	allosteric_inhibitor	ec:2.6.1.52
layer3	KEGG_ID	C00026	layer2	shared.name	rn:R05085	allosteric_inhibitor	ec:2.6.1.52
layer3	KEGG_ID	C00025	layer2	shared.name	rn:R03954	allosteric_inhibitor	ec:2.6.1.7
layer3	KEGG_ID	C00025	layer2	shared.name	rn:R04171	allosteric_inhibitor	ec:2.6.1.7
layer3	KEGG_ID	C00025	layer2	shared.name	rn:R12688	allosteric_inhibitor	ec:2.6.1.7
layer3	KEGG_ID	C00025	layer2	shared.name	rn:R01956	allosteric_inhibitor	ec:2.6.1.7
layer3	KEGG_ID	C00025	layer2	shared.name	rn:R03445	allosteric_inhibitor	ec:2.6.1.7
layer3	KEGG_ID	C00026	layer2	shared.name	rn:R03954	allosteric_inhibitor	ec:2.6.1.7
layer3	KEGG_ID	C00026	layer2	shared.name	rn:R04171	allosteric_inhibitor	ec:2.6.1.7
layer3	KEGG_ID	C00026	layer2	shared.name	rn:R12688	allosteric_inhibitor	ec:2.6.1.7
layer3	KEGG_ID	C00026	layer2	shared.name	rn:R01956	allosteric_inhibitor	ec:2.6.1.7
layer3	KEGG_ID	C00026	layer2	shared.name	rn:R03445	allosteric_inhibitor	ec:2.6.1.7
layer3	KEGG_ID	C00049	layer2	shared.name	rn:R03954	allosteric_inhibitor	ec:2.6.1.7
layer3	KEGG_ID	C00049	layer2	shared.name	rn:R04171	allosteric_inhibitor	ec:2.6.1.7
layer3	KEGG_ID	C00049	layer2	shared.name	rn:R12688	allosteric_inhibitor	ec:2.6.1.7
layer3	KEGG_ID	C00049	layer2	shared.name	rn:R01956	allosteric_inhibitor	ec:2.6.1.7
layer3	KEGG_ID	C00049	layer2	shared.name	rn:R03445	allosteric_inhibitor	ec:2.6.1.7
layer3	KEGG_ID	C16433	layer2	shared.name	rn:R03954	allosteric_inhibitor	ec:2.6.1.7
layer3	KEGG_ID	C16433	layer2	shared.name	rn:R04171	allosteric_inhibitor	ec:2.6.1.7
layer3	KEGG_ID	C16433	layer2	shared.name	rn:R12688	allosteric_inhibitor	ec:2.6.1.7
layer3	KEGG_ID	C16433	layer2	shared.name	rn:R01956	allosteric_inhibitor	ec:2.6.1.7
layer3	KEGG_ID	C16433	layer2	shared.name	rn:R03445	allosteric_inhibitor	ec:2.6.1.7
layer3	KEGG_ID	C00074	layer2	shared.name	rn:R00725	allosteric_inhibitor	ec:2.7.1.1
layer3	KEGG_ID	C00074	layer2	shared.name	rn:R00876	allosteric_inhibitor	ec:2.7.1.1
layer3	KEGG_ID	C00074	layer2	shared.name	rn:R01139	allosteric_inhibitor	ec:2.7.1.1
layer3	KEGG_ID	C00074	layer2	shared.name	rn:R01140	allosteric_inhibitor	ec:2.7.1.1
layer3	KEGG_ID	C00074	layer2	shared.name	rn:R01327	allosteric_inhibitor	ec:2.7.1.1
layer3	KEGG_ID	C00074	layer2	shared.name	rn:R01330	allosteric_inhibitor	ec:2.7.1.1
layer3	KEGG_ID	C00074	layer2	shared.name	rn:R01964	allosteric_inhibitor	ec:2.7.1.1
layer3	KEGG_ID	C00074	layer2	shared.name	rn:R01965	allosteric_inhibitor	ec:2.7.1.1
layer3	KEGG_ID	C00074	layer2	shared.name	rn:R02849	allosteric_inhibitor	ec:2.7.1.1
layer3	KEGG_ID	C00074	layer2	shared.name	rn:R02850	allosteric_inhibitor	ec:2.7.1.1
layer3	KEGG_ID	C00074	layer2	shared.name	rn:R02867	allosteric_inhibitor	ec:2.7.1.1
layer3	KEGG_ID	C00074	layer2	shared.name	rn:R02868	allosteric_inhibitor	ec:2.7.1.1
layer3	KEGG_ID	C00074	layer2	shared.name	rn:R00299	allosteric_inhibitor	ec:2.7.1.1
layer3	KEGG_ID	C00074	layer2	shared.name	rn:R00760	allosteric_inhibitor	ec:2.7.1.1
layer3	KEGG_ID	C00074	layer2	shared.name	rn:R00867	allosteric_inhibitor	ec:2.7.1.1
layer3	KEGG_ID	C00074	layer2	shared.name	rn:R01326	allosteric_inhibitor	ec:2.7.1.1
layer3	KEGG_ID	C00074	layer2	shared.name	rn:R01600	allosteric_inhibitor	ec:2.7.1.1
layer3	KEGG_ID	C00074	layer2	shared.name	rn:R01786	allosteric_inhibitor	ec:2.7.1.1
layer3	KEGG_ID	C00074	layer2	shared.name	rn:R01961	allosteric_inhibitor	ec:2.7.1.1
layer3	KEGG_ID	C00074	layer2	shared.name	rn:R02848	allosteric_inhibitor	ec:2.7.1.1
layer3	KEGG_ID	C00074	layer2	shared.name	rn:R02865	allosteric_inhibitor	ec:2.7.1.1
layer3	KEGG_ID	C00074	layer2	shared.name	rn:R03920	allosteric_inhibitor	ec:2.7.1.1
layer3	KEGG_ID	C00085	layer2	shared.name	rn:R00725	allosteric_inhibitor	ec:2.7.1.1
layer3	KEGG_ID	C00085	layer2	shared.name	rn:R00876	allosteric_inhibitor	ec:2.7.1.1
layer3	KEGG_ID	C00085	layer2	shared.name	rn:R01139	allosteric_inhibitor	ec:2.7.1.1
layer3	KEGG_ID	C00085	layer2	shared.name	rn:R01140	allosteric_inhibitor	ec:2.7.1.1
layer3	KEGG_ID	C00085	layer2	shared.name	rn:R01327	allosteric_inhibitor	ec:2.7.1.1
layer3	KEGG_ID	C00085	layer2	shared.name	rn:R01330	allosteric_inhibitor	ec:2.7.1.1
layer3	KEGG_ID	C00085	layer2	shared.name	rn:R01964	allosteric_inhibitor	ec:2.7.1.1
layer3	KEGG_ID	C00085	layer2	shared.name	rn:R01965	allosteric_inhibitor	ec:2.7.1.1
layer3	KEGG_ID	C00085	layer2	shared.name	rn:R02849	allosteric_inhibitor	ec:2.7.1.1
layer3	KEGG_ID	C00085	layer2	shared.name	rn:R02850	allosteric_inhibitor	ec:2.7.1.1
layer3	KEGG_ID	C00085	layer2	shared.name	rn:R02867	allosteric_inhibitor	ec:2.7.1.1
layer3	KEGG_ID	C00085	layer2	shared.name	rn:R02868	allosteric_inhibitor	ec:2.7.1.1
layer3	KEGG_ID	C00085	layer2	shared.name	rn:R00299	allosteric_inhibitor	ec:2.7.1.1
layer3	KEGG_ID	C00085	layer2	shared.name	rn:R00760	allosteric_inhibitor	ec:2.7.1.1
layer3	KEGG_ID	C00085	layer2	shared.name	rn:R00867	allosteric_inhibitor	ec:2.7.1.1
layer3	KEGG_ID	C00085	layer2	shared.name	rn:R01326	allosteric_inhibitor	ec:2.7.1.1
layer3	KEGG_ID	C00085	layer2	shared.name	rn:R01600	allosteric_inhibitor	ec:2.7.1.1
layer3	KEGG_ID	C00085	layer2	shared.name	rn:R01786	allosteric_inhibitor	ec:2.7.1.1
layer3	KEGG_ID	C00085	layer2	shared.name	rn:R01961	allosteric_inhibitor	ec:2.7.1.1
layer3	KEGG_ID	C00085	layer2	shared.name	rn:R02848	allosteric_inhibitor	ec:2.7.1.1
layer3	KEGG_ID	C00085	layer2	shared.name	rn:R02865	allosteric_inhibitor	ec:2.7.1.1
layer3	KEGG_ID	C00085	layer2	shared.name	rn:R03920	allosteric_inhibitor	ec:2.7.1.1
layer3	KEGG_ID	C00092	layer2	shared.name	rn:R00725	allosteric_inhibitor	ec:2.7.1.1
layer3	KEGG_ID	C00092	layer2	shared.name	rn:R00876	allosteric_inhibitor	ec:2.7.1.1
layer3	KEGG_ID	C00092	layer2	shared.name	rn:R01139	allosteric_inhibitor	ec:2.7.1.1
layer3	KEGG_ID	C00092	layer2	shared.name	rn:R01140	allosteric_inhibitor	ec:2.7.1.1
layer3	KEGG_ID	C00092	layer2	shared.name	rn:R01327	allosteric_inhibitor	ec:2.7.1.1
layer3	KEGG_ID	C00092	layer2	shared.name	rn:R01330	allosteric_inhibitor	ec:2.7.1.1
layer3	KEGG_ID	C00092	layer2	shared.name	rn:R01964	allosteric_inhibitor	ec:2.7.1.1
layer3	KEGG_ID	C00092	layer2	shared.name	rn:R01965	allosteric_inhibitor	ec:2.7.1.1
layer3	KEGG_ID	C00092	layer2	shared.name	rn:R02849	allosteric_inhibitor	ec:2.7.1.1
layer3	KEGG_ID	C00092	layer2	shared.name	rn:R02850	allosteric_inhibitor	ec:2.7.1.1
layer3	KEGG_ID	C00092	layer2	shared.name	rn:R02867	allosteric_inhibitor	ec:2.7.1.1
layer3	KEGG_ID	C00092	layer2	shared.name	rn:R02868	allosteric_inhibitor	ec:2.7.1.1
layer3	KEGG_ID	C00092	layer2	shared.name	rn:R00299	allosteric_inhibitor	ec:2.7.1.1
layer3	KEGG_ID	C00092	layer2	shared.name	rn:R00760	allosteric_inhibitor	ec:2.7.1.1
layer3	KEGG_ID	C00092	layer2	shared.name	rn:R00867	allosteric_inhibitor	ec:2.7.1.1
layer3	KEGG_ID	C00092	layer2	shared.name	rn:R01326	allosteric_inhibitor	ec:2.7.1.1
layer3	KEGG_ID	C00092	layer2	shared.name	rn:R01600	allosteric_inhibitor	ec:2.7.1.1
layer3	KEGG_ID	C00092	layer2	shared.name	rn:R01786	allosteric_inhibitor	ec:2.7.1.1
layer3	KEGG_ID	C00092	layer2	shared.name	rn:R01961	allosteric_inhibitor	ec:2.7.1.1
layer3	KEGG_ID	C00092	layer2	shared.name	rn:R02848	allosteric_inhibitor	ec:2.7.1.1
layer3	KEGG_ID	C00092	layer2	shared.name	rn:R02865	allosteric_inhibitor	ec:2.7.1.1
layer3	KEGG_ID	C00092	layer2	shared.name	rn:R03920	allosteric_inhibitor	ec:2.7.1.1
layer3	KEGG_ID	C00354	layer2	shared.name	rn:R00725	allosteric_inhibitor	ec:2.7.1.1
layer3	KEGG_ID	C00354	layer2	shared.name	rn:R00876	allosteric_inhibitor	ec:2.7.1.1
layer3	KEGG_ID	C00354	layer2	shared.name	rn:R01139	allosteric_inhibitor	ec:2.7.1.1
layer3	KEGG_ID	C00354	layer2	shared.name	rn:R01140	allosteric_inhibitor	ec:2.7.1.1
layer3	KEGG_ID	C00354	layer2	shared.name	rn:R01327	allosteric_inhibitor	ec:2.7.1.1
layer3	KEGG_ID	C00354	layer2	shared.name	rn:R01330	allosteric_inhibitor	ec:2.7.1.1
layer3	KEGG_ID	C00354	layer2	shared.name	rn:R01964	allosteric_inhibitor	ec:2.7.1.1
layer3	KEGG_ID	C00354	layer2	shared.name	rn:R01965	allosteric_inhibitor	ec:2.7.1.1
layer3	KEGG_ID	C00354	layer2	shared.name	rn:R02849	allosteric_inhibitor	ec:2.7.1.1
layer3	KEGG_ID	C00354	layer2	shared.name	rn:R02850	allosteric_inhibitor	ec:2.7.1.1
layer3	KEGG_ID	C00354	layer2	shared.name	rn:R02867	allosteric_inhibitor	ec:2.7.1.1
layer3	KEGG_ID	C00354	layer2	shared.name	rn:R02868	allosteric_inhibitor	ec:2.7.1.1
layer3	KEGG_ID	C00354	layer2	shared.name	rn:R00299	allosteric_inhibitor	ec:2.7.1.1
layer3	KEGG_ID	C00354	layer2	shared.name	rn:R00760	allosteric_inhibitor	ec:2.7.1.1
layer3	KEGG_ID	C00354	layer2	shared.name	rn:R00867	allosteric_inhibitor	ec:2.7.1.1
layer3	KEGG_ID	C00354	layer2	shared.name	rn:R01326	allosteric_inhibitor	ec:2.7.1.1
layer3	KEGG_ID	C00354	layer2	shared.name	rn:R01600	allosteric_inhibitor	ec:2.7.1.1
layer3	KEGG_ID	C00354	layer2	shared.name	rn:R01786	allosteric_inhibitor	ec:2.7.1.1
layer3	KEGG_ID	C00354	layer2	shared.name	rn:R01961	allosteric_inhibitor	ec:2.7.1.1
layer3	KEGG_ID	C00354	layer2	shared.name	rn:R02848	allosteric_inhibitor	ec:2.7.1.1
layer3	KEGG_ID	C00354	layer2	shared.name	rn:R02865	allosteric_inhibitor	ec:2.7.1.1
layer3	KEGG_ID	C00354	layer2	shared.name	rn:R03920	allosteric_inhibitor	ec:2.7.1.1
layer3	KEGG_ID	C00074	layer2	shared.name	rn:R02732	allosteric_inhibitor	ec:2.7.1.105
layer3	KEGG_ID	C00158	layer2	shared.name	rn:R02732	allosteric_inhibitor	ec:2.7.1.105
layer3	KEGG_ID	C00665	layer2	shared.name	rn:R02732	allosteric_inhibitor	ec:2.7.1.105
layer3	KEGG_ID	C05345	layer2	shared.name	rn:R02732	allosteric_inhibitor	ec:2.7.1.105
layer3	KEGG_ID	C00074	layer2	shared.name	rn:R01660	allosteric_inhibitor	ec:2.7.1.106
layer3	KEGG_ID	C00149	layer2	shared.name	rn:R01660	allosteric_inhibitor	ec:2.7.1.106
layer3	KEGG_ID	C00158	layer2	shared.name	rn:R01660	allosteric_inhibitor	ec:2.7.1.106
layer3	KEGG_ID	C00311	layer2	shared.name	rn:R01660	allosteric_inhibitor	ec:2.7.1.106
layer3	KEGG_ID	C00354	layer2	shared.name	rn:R01660	allosteric_inhibitor	ec:2.7.1.106
layer3	KEGG_ID	C00354	layer2	shared.name	rn:R00756	allosteric_activator	ec:2.7.1.11
layer3	KEGG_ID	C00354	layer2	shared.name	rn:R00767	allosteric_activator	ec:2.7.1.11
layer3	KEGG_ID	C00354	layer2	shared.name	rn:R00769	allosteric_activator	ec:2.7.1.11
layer3	KEGG_ID	C00354	layer2	shared.name	rn:R00770	allosteric_activator	ec:2.7.1.11
layer3	KEGG_ID	C00354	layer2	shared.name	rn:R01843	allosteric_activator	ec:2.7.1.11
layer3	KEGG_ID	C00354	layer2	shared.name	rn:R03236	allosteric_activator	ec:2.7.1.11
layer3	KEGG_ID	C00354	layer2	shared.name	rn:R03237	allosteric_activator	ec:2.7.1.11
layer3	KEGG_ID	C00354	layer2	shared.name	rn:R03238	allosteric_activator	ec:2.7.1.11
layer3	KEGG_ID	C00354	layer2	shared.name	rn:R03239	allosteric_activator	ec:2.7.1.11
layer3	KEGG_ID	C00354	layer2	shared.name	rn:R04779	allosteric_activator	ec:2.7.1.11
layer3	KEGG_ID	C00665	layer2	shared.name	rn:R00756	allosteric_activator	ec:2.7.1.11
layer3	KEGG_ID	C00665	layer2	shared.name	rn:R00767	allosteric_activator	ec:2.7.1.11
layer3	KEGG_ID	C00665	layer2	shared.name	rn:R00769	allosteric_activator	ec:2.7.1.11
layer3	KEGG_ID	C00665	layer2	shared.name	rn:R00770	allosteric_activator	ec:2.7.1.11
layer3	KEGG_ID	C00665	layer2	shared.name	rn:R01843	allosteric_activator	ec:2.7.1.11
layer3	KEGG_ID	C00665	layer2	shared.name	rn:R03236	allosteric_activator	ec:2.7.1.11
layer3	KEGG_ID	C00665	layer2	shared.name	rn:R03237	allosteric_activator	ec:2.7.1.11
layer3	KEGG_ID	C00665	layer2	shared.name	rn:R03238	allosteric_activator	ec:2.7.1.11
layer3	KEGG_ID	C00665	layer2	shared.name	rn:R03239	allosteric_activator	ec:2.7.1.11
layer3	KEGG_ID	C00665	layer2	shared.name	rn:R04779	allosteric_activator	ec:2.7.1.11
layer3	KEGG_ID	C00026	layer2	shared.name	rn:R00756	allosteric_inhibitor	ec:2.7.1.11
layer3	KEGG_ID	C00026	layer2	shared.name	rn:R00767	allosteric_inhibitor	ec:2.7.1.11
layer3	KEGG_ID	C00026	layer2	shared.name	rn:R00769	allosteric_inhibitor	ec:2.7.1.11
layer3	KEGG_ID	C00026	layer2	shared.name	rn:R00770	allosteric_inhibitor	ec:2.7.1.11
layer3	KEGG_ID	C00026	layer2	shared.name	rn:R01843	allosteric_inhibitor	ec:2.7.1.11
layer3	KEGG_ID	C00026	layer2	shared.name	rn:R03236	allosteric_inhibitor	ec:2.7.1.11
layer3	KEGG_ID	C00026	layer2	shared.name	rn:R03237	allosteric_inhibitor	ec:2.7.1.11
layer3	KEGG_ID	C00026	layer2	shared.name	rn:R03238	allosteric_inhibitor	ec:2.7.1.11
layer3	KEGG_ID	C00026	layer2	shared.name	rn:R03239	allosteric_inhibitor	ec:2.7.1.11
layer3	KEGG_ID	C00026	layer2	shared.name	rn:R04779	allosteric_inhibitor	ec:2.7.1.11
layer3	KEGG_ID	C00074	layer2	shared.name	rn:R00756	allosteric_inhibitor	ec:2.7.1.11
layer3	KEGG_ID	C00074	layer2	shared.name	rn:R00767	allosteric_inhibitor	ec:2.7.1.11
layer3	KEGG_ID	C00074	layer2	shared.name	rn:R00769	allosteric_inhibitor	ec:2.7.1.11
layer3	KEGG_ID	C00074	layer2	shared.name	rn:R00770	allosteric_inhibitor	ec:2.7.1.11
layer3	KEGG_ID	C00074	layer2	shared.name	rn:R01843	allosteric_inhibitor	ec:2.7.1.11
layer3	KEGG_ID	C00074	layer2	shared.name	rn:R03236	allosteric_inhibitor	ec:2.7.1.11
layer3	KEGG_ID	C00074	layer2	shared.name	rn:R03237	allosteric_inhibitor	ec:2.7.1.11
layer3	KEGG_ID	C00074	layer2	shared.name	rn:R03238	allosteric_inhibitor	ec:2.7.1.11
layer3	KEGG_ID	C00074	layer2	shared.name	rn:R03239	allosteric_inhibitor	ec:2.7.1.11
layer3	KEGG_ID	C00074	layer2	shared.name	rn:R04779	allosteric_inhibitor	ec:2.7.1.11
layer3	KEGG_ID	C00158	layer2	shared.name	rn:R00756	allosteric_inhibitor	ec:2.7.1.11
layer3	KEGG_ID	C00158	layer2	shared.name	rn:R00767	allosteric_inhibitor	ec:2.7.1.11
layer3	KEGG_ID	C00158	layer2	shared.name	rn:R00769	allosteric_inhibitor	ec:2.7.1.11
layer3	KEGG_ID	C00158	layer2	shared.name	rn:R00770	allosteric_inhibitor	ec:2.7.1.11
layer3	KEGG_ID	C00158	layer2	shared.name	rn:R01843	allosteric_inhibitor	ec:2.7.1.11
layer3	KEGG_ID	C00158	layer2	shared.name	rn:R03236	allosteric_inhibitor	ec:2.7.1.11
layer3	KEGG_ID	C00158	layer2	shared.name	rn:R03237	allosteric_inhibitor	ec:2.7.1.11
layer3	KEGG_ID	C00158	layer2	shared.name	rn:R03238	allosteric_inhibitor	ec:2.7.1.11
layer3	KEGG_ID	C00158	layer2	shared.name	rn:R03239	allosteric_inhibitor	ec:2.7.1.11
layer3	KEGG_ID	C00158	layer2	shared.name	rn:R04779	allosteric_inhibitor	ec:2.7.1.11
layer3	KEGG_ID	C00311	layer2	shared.name	rn:R00756	allosteric_inhibitor	ec:2.7.1.11
layer3	KEGG_ID	C00311	layer2	shared.name	rn:R00767	allosteric_inhibitor	ec:2.7.1.11
layer3	KEGG_ID	C00311	layer2	shared.name	rn:R00769	allosteric_inhibitor	ec:2.7.1.11
layer3	KEGG_ID	C00311	layer2	shared.name	rn:R00770	allosteric_inhibitor	ec:2.7.1.11
layer3	KEGG_ID	C00311	layer2	shared.name	rn:R01843	allosteric_inhibitor	ec:2.7.1.11
layer3	KEGG_ID	C00311	layer2	shared.name	rn:R03236	allosteric_inhibitor	ec:2.7.1.11
layer3	KEGG_ID	C00311	layer2	shared.name	rn:R03237	allosteric_inhibitor	ec:2.7.1.11
layer3	KEGG_ID	C00311	layer2	shared.name	rn:R03238	allosteric_inhibitor	ec:2.7.1.11
layer3	KEGG_ID	C00311	layer2	shared.name	rn:R03239	allosteric_inhibitor	ec:2.7.1.11
layer3	KEGG_ID	C00311	layer2	shared.name	rn:R04779	allosteric_inhibitor	ec:2.7.1.11
layer3	KEGG_ID	C00711	layer2	shared.name	rn:R00756	allosteric_inhibitor	ec:2.7.1.11
layer3	KEGG_ID	C00711	layer2	shared.name	rn:R00767	allosteric_inhibitor	ec:2.7.1.11
layer3	KEGG_ID	C00711	layer2	shared.name	rn:R00769	allosteric_inhibitor	ec:2.7.1.11
layer3	KEGG_ID	C00711	layer2	shared.name	rn:R00770	allosteric_inhibitor	ec:2.7.1.11
layer3	KEGG_ID	C00711	layer2	shared.name	rn:R01843	allosteric_inhibitor	ec:2.7.1.11
layer3	KEGG_ID	C00711	layer2	shared.name	rn:R03236	allosteric_inhibitor	ec:2.7.1.11
layer3	KEGG_ID	C00711	layer2	shared.name	rn:R03237	allosteric_inhibitor	ec:2.7.1.11
layer3	KEGG_ID	C00711	layer2	shared.name	rn:R03238	allosteric_inhibitor	ec:2.7.1.11
layer3	KEGG_ID	C00711	layer2	shared.name	rn:R03239	allosteric_inhibitor	ec:2.7.1.11
layer3	KEGG_ID	C00711	layer2	shared.name	rn:R04779	allosteric_inhibitor	ec:2.7.1.11
layer3	KEGG_ID	C00092	layer2	shared.name	rn:R00299	allosteric_inhibitor	ec:2.7.1.2
layer3	KEGG_ID	C00092	layer2	shared.name	rn:R01600	allosteric_inhibitor	ec:2.7.1.2
layer3	KEGG_ID	C00092	layer2	shared.name	rn:R01786	allosteric_inhibitor	ec:2.7.1.2
layer3	KEGG_ID	C00354	layer2	shared.name	rn:R00430	allosteric_activator	ec:2.7.1.40
layer3	KEGG_ID	C00354	layer2	shared.name	rn:R00572	allosteric_activator	ec:2.7.1.40
layer3	KEGG_ID	C00354	layer2	shared.name	rn:R00659	allosteric_activator	ec:2.7.1.40
layer3	KEGG_ID	C00354	layer2	shared.name	rn:R00724	allosteric_activator	ec:2.7.1.40
layer3	KEGG_ID	C00354	layer2	shared.name	rn:R01138	allosteric_activator	ec:2.7.1.40
layer3	KEGG_ID	C00354	layer2	shared.name	rn:R01858	allosteric_activator	ec:2.7.1.40
layer3	KEGG_ID	C00354	layer2	shared.name	rn:R02320	allosteric_activator	ec:2.7.1.40
layer3	KEGG_ID	C00354	layer2	shared.name	rn:R00200	allosteric_activator	ec:2.7.1.40
layer3	KEGG_ID	C00041	layer2	shared.name	rn:R00430	allosteric_inhibitor	ec:2.7.1.40
layer3	KEGG_ID	C00041	layer2	shared.name	rn:R00572	allosteric_inhibitor	ec:2.7.1.40
layer3	KEGG_ID	C00041	layer2	shared.name	rn:R00659	allosteric_inhibitor	ec:2.7.1.40
layer3	KEGG_ID	C00041	layer2	shared.name	rn:R00724	allosteric_inhibitor	ec:2.7.1.40
layer3	KEGG_ID	C00041	layer2	shared.name	rn:R01138	allosteric_inhibitor	ec:2.7.1.40
layer3	KEGG_ID	C00041	layer2	shared.name	rn:R01858	allosteric_inhibitor	ec:2.7.1.40
layer3	KEGG_ID	C00041	layer2	shared.name	rn:R02320	allosteric_inhibitor	ec:2.7.1.40
layer3	KEGG_ID	C00041	layer2	shared.name	rn:R00200	allosteric_inhibitor	ec:2.7.1.40
layer3	KEGG_ID	C00158	layer2	shared.name	rn:R01512	allosteric_inhibitor	ec:2.7.2.3
layer3	KEGG_ID	C00197	layer2	shared.name	rn:R01512	allosteric_inhibitor	ec:2.7.2.3
layer3	KEGG_ID	C00091	layer2	shared.name	rn:R00410	allosteric_inhibitor	ec:2.8.3.5
layer3	KEGG_ID	C00091	layer2	shared.name	rn:R01780	allosteric_inhibitor	ec:2.8.3.5
layer3	KEGG_ID	C00158	layer2	shared.name	rn:R00410	allosteric_inhibitor	ec:2.8.3.5
layer3	KEGG_ID	C00158	layer2	shared.name	rn:R01780	allosteric_inhibitor	ec:2.8.3.5
layer3	KEGG_ID	C00711	layer2	shared.name	rn:R00410	allosteric_inhibitor	ec:2.8.3.5
layer3	KEGG_ID	C00711	layer2	shared.name	rn:R01780	allosteric_inhibitor	ec:2.8.3.5
layer3	KEGG_ID	C00158	layer2	shared.name	rn:R02053	allosteric_inhibitor	ec:3.1.1.4
layer3	KEGG_ID	C00158	layer2	shared.name	rn:R03107	allosteric_inhibitor	ec:3.1.1.4
layer3	KEGG_ID	C00158	layer2	shared.name	rn:R07379	allosteric_inhibitor	ec:3.1.1.4
layer3	KEGG_ID	C00158	layer2	shared.name	rn:R07387	allosteric_inhibitor	ec:3.1.1.4
layer3	KEGG_ID	C00158	layer2	shared.name	rn:R01313	allosteric_inhibitor	ec:3.1.1.4
layer3	KEGG_ID	C00158	layer2	shared.name	rn:R01315	allosteric_inhibitor	ec:3.1.1.4
layer3	KEGG_ID	C00158	layer2	shared.name	rn:R01317	allosteric_inhibitor	ec:3.1.1.4
layer3	KEGG_ID	C00158	layer2	shared.name	rn:R07064	allosteric_inhibitor	ec:3.1.1.4
layer3	KEGG_ID	C00158	layer2	shared.name	rn:R07859	allosteric_inhibitor	ec:3.1.1.4
layer3	KEGG_ID	C00122	layer2	shared.name	rn:R08174	allosteric_activator	ec:3.1.2.2
layer3	KEGG_ID	C00122	layer2	shared.name	rn:R08175	allosteric_activator	ec:3.1.2.2
layer3	KEGG_ID	C00122	layer2	shared.name	rn:R08176	allosteric_activator	ec:3.1.2.2
layer3	KEGG_ID	C00122	layer2	shared.name	rn:R08177	allosteric_activator	ec:3.1.2.2
layer3	KEGG_ID	C00122	layer2	shared.name	rn:R08178	allosteric_activator	ec:3.1.2.2
layer3	KEGG_ID	C00122	layer2	shared.name	rn:R08179	allosteric_activator	ec:3.1.2.2
layer3	KEGG_ID	C00122	layer2	shared.name	rn:R08180	allosteric_activator	ec:3.1.2.2
layer3	KEGG_ID	C00122	layer2	shared.name	rn:R08181	allosteric_activator	ec:3.1.2.2
layer3	KEGG_ID	C00122	layer2	shared.name	rn:R08182	allosteric_activator	ec:3.1.2.2
layer3	KEGG_ID	C00122	layer2	shared.name	rn:R08183	allosteric_activator	ec:3.1.2.2
layer3	KEGG_ID	C00122	layer2	shared.name	rn:R09450	allosteric_activator	ec:3.1.2.2
layer3	KEGG_ID	C00122	layer2	shared.name	rn:R01274	allosteric_activator	ec:3.1.2.2
layer3	KEGG_ID	C00158	layer2	shared.name	rn:R08174	allosteric_activator	ec:3.1.2.2
layer3	KEGG_ID	C00158	layer2	shared.name	rn:R08175	allosteric_activator	ec:3.1.2.2
layer3	KEGG_ID	C00158	layer2	shared.name	rn:R08176	allosteric_activator	ec:3.1.2.2
layer3	KEGG_ID	C00158	layer2	shared.name	rn:R08177	allosteric_activator	ec:3.1.2.2
layer3	KEGG_ID	C00158	layer2	shared.name	rn:R08178	allosteric_activator	ec:3.1.2.2
layer3	KEGG_ID	C00158	layer2	shared.name	rn:R08179	allosteric_activator	ec:3.1.2.2
layer3	KEGG_ID	C00158	layer2	shared.name	rn:R08180	allosteric_activator	ec:3.1.2.2
layer3	KEGG_ID	C00158	layer2	shared.name	rn:R08181	allosteric_activator	ec:3.1.2.2
layer3	KEGG_ID	C00158	layer2	shared.name	rn:R08182	allosteric_activator	ec:3.1.2.2
layer3	KEGG_ID	C00158	layer2	shared.name	rn:R08183	allosteric_activator	ec:3.1.2.2
layer3	KEGG_ID	C00158	layer2	shared.name	rn:R09450	allosteric_activator	ec:3.1.2.2
layer3	KEGG_ID	C00158	layer2	shared.name	rn:R01274	allosteric_activator	ec:3.1.2.2
layer3	KEGG_ID	C00711	layer2	shared.name	rn:R08174	allosteric_activator	ec:3.1.2.2
layer3	KEGG_ID	C00711	layer2	shared.name	rn:R08175	allosteric_activator	ec:3.1.2.2
layer3	KEGG_ID	C00711	layer2	shared.name	rn:R08176	allosteric_activator	ec:3.1.2.2
layer3	KEGG_ID	C00711	layer2	shared.name	rn:R08177	allosteric_activator	ec:3.1.2.2
layer3	KEGG_ID	C00711	layer2	shared.name	rn:R08178	allosteric_activator	ec:3.1.2.2
layer3	KEGG_ID	C00711	layer2	shared.name	rn:R08179	allosteric_activator	ec:3.1.2.2
layer3	KEGG_ID	C00711	layer2	shared.name	rn:R08180	allosteric_activator	ec:3.1.2.2
layer3	KEGG_ID	C00711	layer2	shared.name	rn:R08181	allosteric_activator	ec:3.1.2.2
layer3	KEGG_ID	C00711	layer2	shared.name	rn:R08182	allosteric_activator	ec:3.1.2.2
layer3	KEGG_ID	C00711	layer2	shared.name	rn:R08183	allosteric_activator	ec:3.1.2.2
layer3	KEGG_ID	C00711	layer2	shared.name	rn:R09450	allosteric_activator	ec:3.1.2.2
layer3	KEGG_ID	C00711	layer2	shared.name	rn:R01274	allosteric_activator	ec:3.1.2.2
layer3	KEGG_ID	C01595	layer2	shared.name	rn:R08174	allosteric_activator	ec:3.1.2.2
layer3	KEGG_ID	C01595	layer2	shared.name	rn:R08175	allosteric_activator	ec:3.1.2.2
layer3	KEGG_ID	C01595	layer2	shared.name	rn:R08176	allosteric_activator	ec:3.1.2.2
layer3	KEGG_ID	C01595	layer2	shared.name	rn:R08177	allosteric_activator	ec:3.1.2.2
layer3	KEGG_ID	C01595	layer2	shared.name	rn:R08178	allosteric_activator	ec:3.1.2.2
layer3	KEGG_ID	C01595	layer2	shared.name	rn:R08179	allosteric_activator	ec:3.1.2.2
layer3	KEGG_ID	C01595	layer2	shared.name	rn:R08180	allosteric_activator	ec:3.1.2.2
layer3	KEGG_ID	C01595	layer2	shared.name	rn:R08181	allosteric_activator	ec:3.1.2.2
layer3	KEGG_ID	C01595	layer2	shared.name	rn:R08182	allosteric_activator	ec:3.1.2.2
layer3	KEGG_ID	C01595	layer2	shared.name	rn:R08183	allosteric_activator	ec:3.1.2.2
layer3	KEGG_ID	C01595	layer2	shared.name	rn:R09450	allosteric_activator	ec:3.1.2.2
layer3	KEGG_ID	C01595	layer2	shared.name	rn:R01274	allosteric_activator	ec:3.1.2.2
layer3	KEGG_ID	C00122	layer2	shared.name	rn:R08174	allosteric_inhibitor	ec:3.1.2.2
layer3	KEGG_ID	C00122	layer2	shared.name	rn:R08175	allosteric_inhibitor	ec:3.1.2.2
layer3	KEGG_ID	C00122	layer2	shared.name	rn:R08176	allosteric_inhibitor	ec:3.1.2.2
layer3	KEGG_ID	C00122	layer2	shared.name	rn:R08177	allosteric_inhibitor	ec:3.1.2.2
layer3	KEGG_ID	C00122	layer2	shared.name	rn:R08178	allosteric_inhibitor	ec:3.1.2.2
layer3	KEGG_ID	C00122	layer2	shared.name	rn:R08179	allosteric_inhibitor	ec:3.1.2.2
layer3	KEGG_ID	C00122	layer2	shared.name	rn:R08180	allosteric_inhibitor	ec:3.1.2.2
layer3	KEGG_ID	C00122	layer2	shared.name	rn:R08181	allosteric_inhibitor	ec:3.1.2.2
layer3	KEGG_ID	C00122	layer2	shared.name	rn:R08182	allosteric_inhibitor	ec:3.1.2.2
layer3	KEGG_ID	C00122	layer2	shared.name	rn:R08183	allosteric_inhibitor	ec:3.1.2.2
layer3	KEGG_ID	C00122	layer2	shared.name	rn:R09450	allosteric_inhibitor	ec:3.1.2.2
layer3	KEGG_ID	C00122	layer2	shared.name	rn:R01274	allosteric_inhibitor	ec:3.1.2.2
layer3	KEGG_ID	C00158	layer2	shared.name	rn:R08174	allosteric_inhibitor	ec:3.1.2.2
layer3	KEGG_ID	C00158	layer2	shared.name	rn:R08175	allosteric_inhibitor	ec:3.1.2.2
layer3	KEGG_ID	C00158	layer2	shared.name	rn:R08176	allosteric_inhibitor	ec:3.1.2.2
layer3	KEGG_ID	C00158	layer2	shared.name	rn:R08177	allosteric_inhibitor	ec:3.1.2.2
layer3	KEGG_ID	C00158	layer2	shared.name	rn:R08178	allosteric_inhibitor	ec:3.1.2.2
layer3	KEGG_ID	C00158	layer2	shared.name	rn:R08179	allosteric_inhibitor	ec:3.1.2.2
layer3	KEGG_ID	C00158	layer2	shared.name	rn:R08180	allosteric_inhibitor	ec:3.1.2.2
layer3	KEGG_ID	C00158	layer2	shared.name	rn:R08181	allosteric_inhibitor	ec:3.1.2.2
layer3	KEGG_ID	C00158	layer2	shared.name	rn:R08182	allosteric_inhibitor	ec:3.1.2.2
layer3	KEGG_ID	C00158	layer2	shared.name	rn:R08183	allosteric_inhibitor	ec:3.1.2.2
layer3	KEGG_ID	C00158	layer2	shared.name	rn:R09450	allosteric_inhibitor	ec:3.1.2.2
layer3	KEGG_ID	C00158	layer2	shared.name	rn:R01274	allosteric_inhibitor	ec:3.1.2.2
layer3	KEGG_ID	C00711	layer2	shared.name	rn:R08174	allosteric_inhibitor	ec:3.1.2.2
layer3	KEGG_ID	C00711	layer2	shared.name	rn:R08175	allosteric_inhibitor	ec:3.1.2.2
layer3	KEGG_ID	C00711	layer2	shared.name	rn:R08176	allosteric_inhibitor	ec:3.1.2.2
layer3	KEGG_ID	C00711	layer2	shared.name	rn:R08177	allosteric_inhibitor	ec:3.1.2.2
layer3	KEGG_ID	C00711	layer2	shared.name	rn:R08178	allosteric_inhibitor	ec:3.1.2.2
layer3	KEGG_ID	C00711	layer2	shared.name	rn:R08179	allosteric_inhibitor	ec:3.1.2.2
layer3	KEGG_ID	C00711	layer2	shared.name	rn:R08180	allosteric_inhibitor	ec:3.1.2.2
layer3	KEGG_ID	C00711	layer2	shared.name	rn:R08181	allosteric_inhibitor	ec:3.1.2.2
layer3	KEGG_ID	C00711	layer2	shared.name	rn:R08182	allosteric_inhibitor	ec:3.1.2.2
layer3	KEGG_ID	C00711	layer2	shared.name	rn:R08183	allosteric_inhibitor	ec:3.1.2.2
layer3	KEGG_ID	C00711	layer2	shared.name	rn:R09450	allosteric_inhibitor	ec:3.1.2.2
layer3	KEGG_ID	C00711	layer2	shared.name	rn:R01274	allosteric_inhibitor	ec:3.1.2.2
layer3	KEGG_ID	C02990	layer2	shared.name	rn:R08174	allosteric_inhibitor	ec:3.1.2.2
layer3	KEGG_ID	C02990	layer2	shared.name	rn:R08175	allosteric_inhibitor	ec:3.1.2.2
layer3	KEGG_ID	C02990	layer2	shared.name	rn:R08176	allosteric_inhibitor	ec:3.1.2.2
layer3	KEGG_ID	C02990	layer2	shared.name	rn:R08177	allosteric_inhibitor	ec:3.1.2.2
layer3	KEGG_ID	C02990	layer2	shared.name	rn:R08178	allosteric_inhibitor	ec:3.1.2.2
layer3	KEGG_ID	C02990	layer2	shared.name	rn:R08179	allosteric_inhibitor	ec:3.1.2.2
layer3	KEGG_ID	C02990	layer2	shared.name	rn:R08180	allosteric_inhibitor	ec:3.1.2.2
layer3	KEGG_ID	C02990	layer2	shared.name	rn:R08181	allosteric_inhibitor	ec:3.1.2.2
layer3	KEGG_ID	C02990	layer2	shared.name	rn:R08182	allosteric_inhibitor	ec:3.1.2.2
layer3	KEGG_ID	C02990	layer2	shared.name	rn:R08183	allosteric_inhibitor	ec:3.1.2.2
layer3	KEGG_ID	C02990	layer2	shared.name	rn:R09450	allosteric_inhibitor	ec:3.1.2.2
layer3	KEGG_ID	C02990	layer2	shared.name	rn:R01274	allosteric_inhibitor	ec:3.1.2.2
layer3	KEGG_ID	C00158	layer2	shared.name	rn:R01845	allosteric_activator	ec:3.1.3.11
layer3	KEGG_ID	C00158	layer2	shared.name	rn:R00762	allosteric_activator	ec:3.1.3.11
layer3	KEGG_ID	C00158	layer2	shared.name	rn:R04780	allosteric_activator	ec:3.1.3.11
layer3	KEGG_ID	C00354	layer2	shared.name	rn:R01845	allosteric_activator	ec:3.1.3.11
layer3	KEGG_ID	C00354	layer2	shared.name	rn:R00762	allosteric_activator	ec:3.1.3.11
layer3	KEGG_ID	C00354	layer2	shared.name	rn:R04780	allosteric_activator	ec:3.1.3.11
layer3	KEGG_ID	C00085	layer2	shared.name	rn:R01845	allosteric_inhibitor	ec:3.1.3.11
layer3	KEGG_ID	C00085	layer2	shared.name	rn:R00762	allosteric_inhibitor	ec:3.1.3.11
layer3	KEGG_ID	C00085	layer2	shared.name	rn:R04780	allosteric_inhibitor	ec:3.1.3.11
layer3	KEGG_ID	C00354	layer2	shared.name	rn:R01845	allosteric_inhibitor	ec:3.1.3.11
layer3	KEGG_ID	C00354	layer2	shared.name	rn:R00762	allosteric_inhibitor	ec:3.1.3.11
layer3	KEGG_ID	C00354	layer2	shared.name	rn:R04780	allosteric_inhibitor	ec:3.1.3.11
layer3	KEGG_ID	C00665	layer2	shared.name	rn:R01845	allosteric_inhibitor	ec:3.1.3.11
layer3	KEGG_ID	C00665	layer2	shared.name	rn:R00762	allosteric_inhibitor	ec:3.1.3.11
layer3	KEGG_ID	C00665	layer2	shared.name	rn:R04780	allosteric_inhibitor	ec:3.1.3.11
layer3	KEGG_ID	C00074	layer2	shared.name	rn:R00763	allosteric_activator	ec:3.1.3.46
layer3	KEGG_ID	C00074	layer2	shared.name	rn:R02731	allosteric_activator	ec:3.1.3.46
layer3	KEGG_ID	C00158	layer2	shared.name	rn:R00763	allosteric_activator	ec:3.1.3.46
layer3	KEGG_ID	C00158	layer2	shared.name	rn:R02731	allosteric_activator	ec:3.1.3.46
layer3	KEGG_ID	C00074	layer2	shared.name	rn:R00763	allosteric_inhibitor	ec:3.1.3.46
layer3	KEGG_ID	C00074	layer2	shared.name	rn:R02731	allosteric_inhibitor	ec:3.1.3.46
layer3	KEGG_ID	C00085	layer2	shared.name	rn:R00763	allosteric_inhibitor	ec:3.1.3.46
layer3	KEGG_ID	C00085	layer2	shared.name	rn:R02731	allosteric_inhibitor	ec:3.1.3.46
layer3	KEGG_ID	C00158	layer2	shared.name	rn:R00763	allosteric_inhibitor	ec:3.1.3.46
layer3	KEGG_ID	C00158	layer2	shared.name	rn:R02731	allosteric_inhibitor	ec:3.1.3.46
layer3	KEGG_ID	C00026	layer2	shared.name	rn:R00303	allosteric_inhibitor	ec:3.1.3.9
layer3	KEGG_ID	C00026	layer2	shared.name	rn:R01788	allosteric_inhibitor	ec:3.1.3.9
layer3	KEGG_ID	C00412	layer2	shared.name	rn:R00303	allosteric_inhibitor	ec:3.1.3.9
layer3	KEGG_ID	C00412	layer2	shared.name	rn:R01788	allosteric_inhibitor	ec:3.1.3.9
layer3	KEGG_ID	C00510	layer2	shared.name	rn:R00303	allosteric_inhibitor	ec:3.1.3.9
layer3	KEGG_ID	C00510	layer2	shared.name	rn:R01788	allosteric_inhibitor	ec:3.1.3.9
layer3	KEGG_ID	C16528	layer2	shared.name	rn:R00303	allosteric_inhibitor	ec:3.1.3.9
layer3	KEGG_ID	C16528	layer2	shared.name	rn:R01788	allosteric_inhibitor	ec:3.1.3.9
layer3	KEGG_ID	C00092	layer2	shared.name	rn:R02109	allosteric_inhibitor	ec:3.2.1.33
layer3	KEGG_ID	C00092	layer2	shared.name	rn:R06158	allosteric_inhibitor	ec:3.2.1.33
layer3	KEGG_ID	C00021	layer2	shared.name	rn:R04936	allosteric_inhibitor	ec:3.3.1.1
layer3	KEGG_ID	C00021	layer2	shared.name	rn:R00192	allosteric_inhibitor	ec:3.3.1.1
layer3	KEGG_ID	C00025	layer2	shared.name	rn:R00488	allosteric_inhibitor	ec:3.5.1.15
layer3	KEGG_ID	C00025	layer2	shared.name	rn:R00526	allosteric_inhibitor	ec:3.5.1.15
layer3	KEGG_ID	C00025	layer2	shared.name	rn:R00546	allosteric_inhibitor	ec:3.5.1.15
layer3	KEGG_ID	C00049	layer2	shared.name	rn:R00488	allosteric_inhibitor	ec:3.5.1.15
layer3	KEGG_ID	C00049	layer2	shared.name	rn:R00526	allosteric_inhibitor	ec:3.5.1.15
layer3	KEGG_ID	C00049	layer2	shared.name	rn:R00546	allosteric_inhibitor	ec:3.5.1.15
layer3	KEGG_ID	C16433	layer2	shared.name	rn:R00488	allosteric_inhibitor	ec:3.5.1.15
layer3	KEGG_ID	C16433	layer2	shared.name	rn:R00526	allosteric_inhibitor	ec:3.5.1.15
layer3	KEGG_ID	C16433	layer2	shared.name	rn:R00546	allosteric_inhibitor	ec:3.5.1.15
layer3	KEGG_ID	C00074	layer2	shared.name	rn:R01579	allosteric_activator	ec:3.5.1.2
layer3	KEGG_ID	C00074	layer2	shared.name	rn:R06134	allosteric_activator	ec:3.5.1.2
layer3	KEGG_ID	C00074	layer2	shared.name	rn:R00256	allosteric_activator	ec:3.5.1.2
layer3	KEGG_ID	C00085	layer2	shared.name	rn:R01579	allosteric_activator	ec:3.5.1.2
layer3	KEGG_ID	C00085	layer2	shared.name	rn:R06134	allosteric_activator	ec:3.5.1.2
layer3	KEGG_ID	C00085	layer2	shared.name	rn:R00256	allosteric_activator	ec:3.5.1.2
layer3	KEGG_ID	C00092	layer2	shared.name	rn:R01579	allosteric_activator	ec:3.5.1.2
layer3	KEGG_ID	C00092	layer2	shared.name	rn:R06134	allosteric_activator	ec:3.5.1.2
layer3	KEGG_ID	C00092	layer2	shared.name	rn:R00256	allosteric_activator	ec:3.5.1.2
layer3	KEGG_ID	C00158	layer2	shared.name	rn:R01579	allosteric_activator	ec:3.5.1.2
layer3	KEGG_ID	C00158	layer2	shared.name	rn:R06134	allosteric_activator	ec:3.5.1.2
layer3	KEGG_ID	C00158	layer2	shared.name	rn:R00256	allosteric_activator	ec:3.5.1.2
layer3	KEGG_ID	C00711	layer2	shared.name	rn:R01579	allosteric_activator	ec:3.5.1.2
layer3	KEGG_ID	C00711	layer2	shared.name	rn:R06134	allosteric_activator	ec:3.5.1.2
layer3	KEGG_ID	C00711	layer2	shared.name	rn:R00256	allosteric_activator	ec:3.5.1.2
layer3	KEGG_ID	C00025	layer2	shared.name	rn:R01579	allosteric_inhibitor	ec:3.5.1.2
layer3	KEGG_ID	C00025	layer2	shared.name	rn:R06134	allosteric_inhibitor	ec:3.5.1.2
layer3	KEGG_ID	C00025	layer2	shared.name	rn:R00256	allosteric_inhibitor	ec:3.5.1.2
layer3	KEGG_ID	C00026	layer2	shared.name	rn:R01579	allosteric_inhibitor	ec:3.5.1.2
layer3	KEGG_ID	C00026	layer2	shared.name	rn:R06134	allosteric_inhibitor	ec:3.5.1.2
layer3	KEGG_ID	C00026	layer2	shared.name	rn:R00256	allosteric_inhibitor	ec:3.5.1.2
layer3	KEGG_ID	C00158	layer2	shared.name	rn:R01579	allosteric_inhibitor	ec:3.5.1.2
layer3	KEGG_ID	C00158	layer2	shared.name	rn:R06134	allosteric_inhibitor	ec:3.5.1.2
layer3	KEGG_ID	C00158	layer2	shared.name	rn:R00256	allosteric_inhibitor	ec:3.5.1.2
layer3	KEGG_ID	C00049	layer2	shared.name	rn:R03421	allosteric_inhibitor	ec:3.5.1.26
layer3	KEGG_ID	C16433	layer2	shared.name	rn:R03421	allosteric_inhibitor	ec:3.5.1.26
layer3	KEGG_ID	C00025	layer2	shared.name	rn:R00551	allosteric_inhibitor	ec:3.5.3.1
layer3	KEGG_ID	C00077	layer2	shared.name	rn:R00551	allosteric_inhibitor	ec:3.5.3.1
layer3	KEGG_ID	C00158	layer2	shared.name	rn:R00551	allosteric_inhibitor	ec:3.5.3.1
layer3	KEGG_ID	C01602	layer2	shared.name	rn:R00551	allosteric_inhibitor	ec:3.5.3.1
layer3	KEGG_ID	C00134	layer2	shared.name	rn:R01157	allosteric_inhibitor	ec:3.5.3.11
layer3	KEGG_ID	C00085	layer2	shared.name	rn:R00765	allosteric_inhibitor	ec:3.5.99.6
layer3	KEGG_ID	C00092	layer2	shared.name	rn:R00765	allosteric_inhibitor	ec:3.5.99.6
layer3	KEGG_ID	C00354	layer2	shared.name	rn:R00765	allosteric_inhibitor	ec:3.5.99.6
layer3	KEGG_ID	C00074	layer2	shared.name	rn:R00317	allosteric_inhibitor	ec:3.6.1.7
layer3	KEGG_ID	C00074	layer2	shared.name	rn:R00539	allosteric_inhibitor	ec:3.6.1.7
layer3	KEGG_ID	C00074	layer2	shared.name	rn:R01421	allosteric_inhibitor	ec:3.6.1.7
layer3	KEGG_ID	C00074	layer2	shared.name	rn:R01515	allosteric_inhibitor	ec:3.6.1.7
layer3	KEGG_ID	C00158	layer2	shared.name	rn:R01364	allosteric_inhibitor	ec:3.7.1.2
layer3	KEGG_ID	C00025	layer2	shared.name	rn:R00489	allosteric_inhibitor	ec:4.1.1.15
layer3	KEGG_ID	C00025	layer2	shared.name	rn:R01682	allosteric_inhibitor	ec:4.1.1.15
layer3	KEGG_ID	C00025	layer2	shared.name	rn:R02466	allosteric_inhibitor	ec:4.1.1.15
layer3	KEGG_ID	C00025	layer2	shared.name	rn:R00261	allosteric_inhibitor	ec:4.1.1.15
layer3	KEGG_ID	C00026	layer2	shared.name	rn:R00489	allosteric_inhibitor	ec:4.1.1.15
layer3	KEGG_ID	C00026	layer2	shared.name	rn:R01682	allosteric_inhibitor	ec:4.1.1.15
layer3	KEGG_ID	C00026	layer2	shared.name	rn:R02466	allosteric_inhibitor	ec:4.1.1.15
layer3	KEGG_ID	C00026	layer2	shared.name	rn:R00261	allosteric_inhibitor	ec:4.1.1.15
layer3	KEGG_ID	C00049	layer2	shared.name	rn:R00489	allosteric_inhibitor	ec:4.1.1.15
layer3	KEGG_ID	C00049	layer2	shared.name	rn:R01682	allosteric_inhibitor	ec:4.1.1.15
layer3	KEGG_ID	C00049	layer2	shared.name	rn:R02466	allosteric_inhibitor	ec:4.1.1.15
layer3	KEGG_ID	C00049	layer2	shared.name	rn:R00261	allosteric_inhibitor	ec:4.1.1.15
layer3	KEGG_ID	C00217	layer2	shared.name	rn:R00489	allosteric_inhibitor	ec:4.1.1.15
layer3	KEGG_ID	C00217	layer2	shared.name	rn:R01682	allosteric_inhibitor	ec:4.1.1.15
layer3	KEGG_ID	C00217	layer2	shared.name	rn:R02466	allosteric_inhibitor	ec:4.1.1.15
layer3	KEGG_ID	C00217	layer2	shared.name	rn:R00261	allosteric_inhibitor	ec:4.1.1.15
layer3	KEGG_ID	C00711	layer2	shared.name	rn:R00489	allosteric_inhibitor	ec:4.1.1.15
layer3	KEGG_ID	C00711	layer2	shared.name	rn:R01682	allosteric_inhibitor	ec:4.1.1.15
layer3	KEGG_ID	C00711	layer2	shared.name	rn:R02466	allosteric_inhibitor	ec:4.1.1.15
layer3	KEGG_ID	C00711	layer2	shared.name	rn:R00261	allosteric_inhibitor	ec:4.1.1.15
layer3	KEGG_ID	C16433	layer2	shared.name	rn:R00489	allosteric_inhibitor	ec:4.1.1.15
layer3	KEGG_ID	C16433	layer2	shared.name	rn:R01682	allosteric_inhibitor	ec:4.1.1.15
layer3	KEGG_ID	C16433	layer2	shared.name	rn:R02466	allosteric_inhibitor	ec:4.1.1.15
layer3	KEGG_ID	C16433	layer2	shared.name	rn:R00261	allosteric_inhibitor	ec:4.1.1.15
layer3	KEGG_ID	C00134	layer2	shared.name	rn:R00670	allosteric_inhibitor	ec:4.1.1.17
layer3	KEGG_ID	C00515	layer2	shared.name	rn:R00670	allosteric_inhibitor	ec:4.1.1.17
layer3	KEGG_ID	C00026	layer2	shared.name	rn:R00726	allosteric_inhibitor	ec:4.1.1.32
layer3	KEGG_ID	C00026	layer2	shared.name	rn:R00431	allosteric_inhibitor	ec:4.1.1.32
layer3	KEGG_ID	C00085	layer2	shared.name	rn:R01829	allosteric_inhibitor	ec:4.1.2.13
layer3	KEGG_ID	C00085	layer2	shared.name	rn:R02568	allosteric_inhibitor	ec:4.1.2.13
layer3	KEGG_ID	C00085	layer2	shared.name	rn:R01068	allosteric_inhibitor	ec:4.1.2.13
layer3	KEGG_ID	C00085	layer2	shared.name	rn:R01070	allosteric_inhibitor	ec:4.1.2.13
layer3	KEGG_ID	C00092	layer2	shared.name	rn:R01829	allosteric_inhibitor	ec:4.1.2.13
layer3	KEGG_ID	C00092	layer2	shared.name	rn:R02568	allosteric_inhibitor	ec:4.1.2.13
layer3	KEGG_ID	C00092	layer2	shared.name	rn:R01068	allosteric_inhibitor	ec:4.1.2.13
layer3	KEGG_ID	C00092	layer2	shared.name	rn:R01070	allosteric_inhibitor	ec:4.1.2.13
layer3	KEGG_ID	C00631	layer2	shared.name	rn:R04206	allosteric_inhibitor	ec:4.2.1.11
layer3	KEGG_ID	C00631	layer2	shared.name	rn:R00658	allosteric_inhibitor	ec:4.2.1.11
layer3	KEGG_ID	C00158	layer2	shared.name	rn:R01082	allosteric_activator	ec:4.2.1.2
layer3	KEGG_ID	C00158	layer2	shared.name	rn:R01082	allosteric_inhibitor	ec:4.2.1.2
layer3	KEGG_ID	C00311	layer2	shared.name	rn:R01082	allosteric_inhibitor	ec:4.2.1.2
layer3	KEGG_ID	C00092	layer2	shared.name	rn:R01324	allosteric_inhibitor	ec:4.2.1.3
layer3	KEGG_ID	C00092	layer2	shared.name	rn:R01325	allosteric_inhibitor	ec:4.2.1.3
layer3	KEGG_ID	C00092	layer2	shared.name	rn:R01900	allosteric_inhibitor	ec:4.2.1.3
layer3	KEGG_ID	C00122	layer2	shared.name	rn:R01324	allosteric_inhibitor	ec:4.2.1.3
layer3	KEGG_ID	C00122	layer2	shared.name	rn:R01325	allosteric_inhibitor	ec:4.2.1.3
layer3	KEGG_ID	C00122	layer2	shared.name	rn:R01900	allosteric_inhibitor	ec:4.2.1.3
layer3	KEGG_ID	C00041	layer2	shared.name	rn:R06132	allosteric_inhibitor	ec:4.3.1.3
layer3	KEGG_ID	C00041	layer2	shared.name	rn:R01168	allosteric_inhibitor	ec:4.3.1.3
layer3	KEGG_ID	C00122	layer2	shared.name	rn:R01086	allosteric_inhibitor	ec:4.3.2.1
layer3	KEGG_ID	C00049	layer2	shared.name	rn:R12851	allosteric_inhibitor	ec:4.3.2.2
layer3	KEGG_ID	C00049	layer2	shared.name	rn:R01083	allosteric_inhibitor	ec:4.3.2.2
layer3	KEGG_ID	C00049	layer2	shared.name	rn:R04559	allosteric_inhibitor	ec:4.3.2.2
layer3	KEGG_ID	C00122	layer2	shared.name	rn:R12851	allosteric_inhibitor	ec:4.3.2.2
layer3	KEGG_ID	C00122	layer2	shared.name	rn:R01083	allosteric_inhibitor	ec:4.3.2.2
layer3	KEGG_ID	C00122	layer2	shared.name	rn:R04559	allosteric_inhibitor	ec:4.3.2.2
layer3	KEGG_ID	C16433	layer2	shared.name	rn:R12851	allosteric_inhibitor	ec:4.3.2.2
layer3	KEGG_ID	C16433	layer2	shared.name	rn:R01083	allosteric_inhibitor	ec:4.3.2.2
layer3	KEGG_ID	C16433	layer2	shared.name	rn:R04559	allosteric_inhibitor	ec:4.3.2.2
layer3	KEGG_ID	C00354	layer2	shared.name	rn:R01057	allosteric_inhibitor	ec:5.4.2.2
layer3	KEGG_ID	C00354	layer2	shared.name	rn:R03319	allosteric_inhibitor	ec:5.4.2.2
layer3	KEGG_ID	C00354	layer2	shared.name	rn:R00959	allosteric_inhibitor	ec:5.4.2.2
layer3	KEGG_ID	C00354	layer2	shared.name	rn:R08639	allosteric_inhibitor	ec:5.4.2.2
layer3	KEGG_ID	C00085	layer2	shared.name	rn:R07324	allosteric_inhibitor	ec:5.5.1.4
layer3	KEGG_ID	C00092	layer2	shared.name	rn:R07324	allosteric_inhibitor	ec:5.5.1.4
layer3	KEGG_ID	C00249	layer2	shared.name	rn:R00390	allosteric_inhibitor	ec:6.2.1.3
layer3	KEGG_ID	C00249	layer2	shared.name	rn:R01280	allosteric_inhibitor	ec:6.2.1.3
layer3	KEGG_ID	C01595	layer2	shared.name	rn:R00390	allosteric_inhibitor	ec:6.2.1.3
layer3	KEGG_ID	C01595	layer2	shared.name	rn:R01280	allosteric_inhibitor	ec:6.2.1.3
layer3	KEGG_ID	C00026	layer2	shared.name	rn:R02404	allosteric_inhibitor	ec:6.2.1.5
layer3	KEGG_ID	C00026	layer2	shared.name	rn:R00405	allosteric_inhibitor	ec:6.2.1.5
layer3	KEGG_ID	C00025	layer2	shared.name	rn:R00253	allosteric_activator	ec:6.3.1.2
layer3	KEGG_ID	C00041	layer2	shared.name	rn:R00253	allosteric_inhibitor	ec:6.3.1.2
layer3	KEGG_ID	C00217	layer2	shared.name	rn:R10993	allosteric_inhibitor	ec:6.3.2.2
layer3	KEGG_ID	C00217	layer2	shared.name	rn:R00894	allosteric_inhibitor	ec:6.3.2.2
layer3	KEGG_ID	C00354	layer2	shared.name	rn:R01135	allosteric_inhibitor	ec:6.3.4.4
layer3	KEGG_ID	C00402	layer2	shared.name	rn:R01954	allosteric_inhibitor	ec:6.3.4.5
layer3	KEGG_ID	C00025	layer2	shared.name	rn:R04463	allosteric_inhibitor	ec:6.3.5.3
layer3	KEGG_ID	C00025	layer2	shared.name	rn:R00578	allosteric_inhibitor	ec:6.3.5.4
layer3	KEGG_ID	C00025	layer2	shared.name	rn:R00256	allosteric_inhibitor	ec:6.3.5.4
layer3	KEGG_ID	C00025	layer2	shared.name	rn:R00483	allosteric_inhibitor	ec:6.3.5.4
layer3	KEGG_ID	C00149	layer2	shared.name	rn:R00578	allosteric_inhibitor	ec:6.3.5.4
layer3	KEGG_ID	C00149	layer2	shared.name	rn:R00256	allosteric_inhibitor	ec:6.3.5.4
layer3	KEGG_ID	C00149	layer2	shared.name	rn:R00483	allosteric_inhibitor	ec:6.3.5.4
layer3	KEGG_ID	C00402	layer2	shared.name	rn:R00578	allosteric_inhibitor	ec:6.3.5.4
layer3	KEGG_ID	C00402	layer2	shared.name	rn:R00256	allosteric_inhibitor	ec:6.3.5.4
layer3	KEGG_ID	C00402	layer2	shared.name	rn:R00483	allosteric_inhibitor	ec:6.3.5.4
layer3	KEGG_ID	C00025	layer2	shared.name	rn:R07641	allosteric_inhibitor	ec:6.3.5.5
layer3	KEGG_ID	C00025	layer2	shared.name	rn:R00575	allosteric_inhibitor	ec:6.3.5.5
layer3	KEGG_ID	C00025	layer2	shared.name	rn:R00256	allosteric_inhibitor	ec:6.3.5.5
layer3	KEGG_ID	C00025	layer2	shared.name	rn:R10948	allosteric_inhibitor	ec:6.3.5.5
layer3	KEGG_ID	C00025	layer2	shared.name	rn:R10949	allosteric_inhibitor	ec:6.3.5.5
layer3	KEGG_ID	C00025	layer2	shared.name	rn:R01395	allosteric_inhibitor	ec:6.3.5.5
layer3	KEGG_ID	C00041	layer2	shared.name	rn:R07641	allosteric_inhibitor	ec:6.3.5.5
layer3	KEGG_ID	C00041	layer2	shared.name	rn:R00575	allosteric_inhibitor	ec:6.3.5.5
layer3	KEGG_ID	C00041	layer2	shared.name	rn:R00256	allosteric_inhibitor	ec:6.3.5.5
layer3	KEGG_ID	C00041	layer2	shared.name	rn:R10948	allosteric_inhibitor	ec:6.3.5.5
layer3	KEGG_ID	C00041	layer2	shared.name	rn:R10949	allosteric_inhibitor	ec:6.3.5.5
layer3	KEGG_ID	C00041	layer2	shared.name	rn:R01395	allosteric_inhibitor	ec:6.3.5.5
layer3	KEGG_ID	C00134	layer2	shared.name	rn:R07641	allosteric_inhibitor	ec:6.3.5.5
layer3	KEGG_ID	C00134	layer2	shared.name	rn:R00575	allosteric_inhibitor	ec:6.3.5.5
layer3	KEGG_ID	C00134	layer2	shared.name	rn:R00256	allosteric_inhibitor	ec:6.3.5.5
layer3	KEGG_ID	C00134	layer2	shared.name	rn:R10948	allosteric_inhibitor	ec:6.3.5.5
layer3	KEGG_ID	C00134	layer2	shared.name	rn:R10949	allosteric_inhibitor	ec:6.3.5.5
layer3	KEGG_ID	C00134	layer2	shared.name	rn:R01395	allosteric_inhibitor	ec:6.3.5.5
